postcode,division,district,thana,suboffice,postcode_num
1206,Dhaka,Dhaka,Dhaka,Dhaka Cantonment-TSO,1206
1350,Dhaka,Dhaka,Dhamrai,Dhamrai,1350
1209,Dhaka,Dhaka,Dhanmondi,Jigatala TSO,1209
1213,Dhaka,Dhaka,Gulshan,Banani TSO,1213
1212,Dhaka,Dhaka,Gulshan,Dhania TSO,1212
1236,Dhaka,Dhaka,Jatrabari,Dhania TSO,1236
1331,Dhaka,Dhaka,Joypara,Palamganj,1331
1332,Dhaka,Dhaka,Joypara,Narisha,1332
1312,Dhaka,Dhaka,Keraniganj,Ati,1312
1311,Dhaka,Dhaka,Keraniganj,Dhaka Jute Mills,1311
1313,Dhaka,Dhaka,Keraniganj,Kalatia,1313
1310,Dhaka,Dhaka,Keraniganj,Keraniganj,1310
1219,Dhaka,Dhaka,Khilgaon,KhilgaonTSO,1219
1229,Dhaka,Dhaka,Khilkhet,KhilkhetTSO,1229
1211,Dhaka,Dhaka,Lalbag,Posta TSO,1211
1216,Dhaka,Dhaka,Mirpur,Mirpur TSO,1216
1207,Dhaka,Dhaka,Mohammadpur,Mohammadpur Housing,1207
1225,Dhaka,Dhaka,Mohammadpur,Sangsad BhabanTSO,1225
1222,Dhaka,Dhaka,Motijheel,BangabhabanTSO,1222
1223,Dhaka,Dhaka,Motijheel,DilkushaTSO,1223
1323,Dhaka,Dhaka,Nawabganj,Agla,1323
1325,Dhaka,Dhaka,Nawabganj,Churain,1325
1322,Dhaka,Dhaka,Nawabganj,Daudpur,1322
1321,Dhaka,Dhaka,Nawabganj,Hasnabad,1321
1324,Dhaka,Dhaka,Nawabganj,Khalpar,1324
1320,Dhaka,Dhaka,Nawabganj,Nawabganj,1320
1205,Dhaka,Dhaka,Kalabagan (Old New market),Kalabagan,1205
1000,Dhaka,Dhaka,Palton,Dhaka GPO,1000
1217,Dhaka,Dhaka,Ramna,Shantinagr TSO,1217
1214,Dhaka,Dhaka,Sabujbag,Basabo TSO,1214
1348,Dhaka,Dhaka,Savar,Amin Bazar,1348
1341,Dhaka,Dhaka,Savar,Dairy Farm,1341
1349,Dhaka,Dhaka,Savar,EPZ,1349
1342,Dhaka,Dhaka,Savar,Jahangirnagar University,1342
1346,Dhaka,Dhaka,Savar,Kashem Cotton Mills,1346
1347,Dhaka,Dhaka,Savar,Rajphulbaria,1347
1340,Dhaka,Dhaka,Savar,Savar,1340
1344,Dhaka,Dhaka,Savar,Savar Canttonment,1344
1343,Dhaka,Dhaka,Savar,Saver P.A.T.C,1343
1345,Dhaka,Dhaka,Savar,Shimulia,1345
1100,Dhaka,Dhaka,Sutrapur,Dhaka Sadar HO,1100
1204,Dhaka,Dhaka,Sutrapur,Gandaria TSO,1204
1203,Dhaka,Dhaka,Sutrapur,Wari TSO,1203
1215,Dhaka,Dhaka,Tejgaon,Tejgaon TSO,1215
1208,Dhaka,Dhaka,Tejgaon Industrial Area,Dhaka Politechnic,1208
1230,Dhaka,Dhaka,Uttara,Uttara Model Town TSO,1230
7870,Dhaka,Faridpur,Alfadanga,Alfadanga,7870
7830,Dhaka,Faridpur,Bhanga,Bhanga,7830
7860,Dhaka,Faridpur,Boalmari,Boalmari,7860
7861,Dhaka,Faridpur,Boalmari,Rupatpat,7861
7810,Dhaka,Faridpur,Charbhadrasan,Charbadrashan,7810
7802,Dhaka,Faridpur,Faridpur Sadar,Ambikapur,7802
7803,Dhaka,Faridpur,Faridpur Sadar,Baitulaman Politecni,7803
7800,Dhaka,Faridpur,Faridpur Sadar,Faridpursadar,7800
7801,Dhaka,Faridpur,Faridpur Sadar,Kanaipur,7801
7851,Dhaka,Faridpur,Madukhali,Kamarkali,7851
7850,Dhaka,Faridpur,Madukhali,Madukhali,7850
7840,Dhaka,Faridpur,Nagarkanda,Nagarkanda,7840
7841,Dhaka,Faridpur,Nagarkanda,Talma,7841
7822,Dhaka,Faridpur,Sadarpur,Bishwa jaker Manjil,7822
7821,Dhaka,Faridpur,Sadarpur,Hat Krishapur,7821
7820,Dhaka,Faridpur,Sadarpur,Sadarpur,7820
7804,Dhaka,Faridpur,Faridpur Sadar,Sri Angan,7804
1703,Dhaka,Gazipur,Gazipur Sadar,B.O.F,1703
1701,Dhaka,Gazipur,Gazipur Sadar,B.R.R,1701
1702,Dhaka,Gazipur,Gazipur Sadar,Chandna,1702
1700,Dhaka,Gazipur,Gazipur Sadar,Gazipur Sadar,1700
1704,Dhaka,Gazipur,Gazipur Sadar,National University,1704
1750,Dhaka,Gazipur,Kaliakaar,Kaliakaar,1750
1751,Dhaka,Gazipur,Kaliakaar,Safipur,1751
1720,Dhaka,Gazipur,Kaliganj,Kaliganj,1720
1721,Dhaka,Gazipur,Kaliganj,Pubail,1721
1722,Dhaka,Gazipur,Kaliganj,Santanpara,1722
1723,Dhaka,Gazipur,Kaliganj,Vaoal Jamalpur,1723
1730,Dhaka,Gazipur,Kapashia,kapashia,1730
1712,Dhaka,Gazipur,Monnunagar,Ershad Nagar,1712
1710,Dhaka,Gazipur,Monnunagar,Monnunagar,1710
1711,Dhaka,Gazipur,Monnunagar,Nishat Nagar,1711
1743,Dhaka,Gazipur,Sreepur,Barmi,1743
1747,Dhaka,Gazipur,Sreepur,Bashamur,1747
1748,Dhaka,Gazipur,Sreepur,Boubi,1748
1745,Dhaka,Gazipur,Sreepur,Kawraid,1745
1744,Dhaka,Gazipur,Sreepur,Satkhamair,1744
1740,Dhaka,Gazipur,Sreepur,Tengra,1740
1741,Dhaka,Gazipur,Sreepur,Rajendrapur,1741
1742,Dhaka,Gazipur,Sreepur,Rajendrapur Cantonment,1742
8102,Dhaka,Gopalganj,Gopalganj Sadar,Barfa,8102
8013,Dhaka,Gopalganj,Gopalganj Sadar,Chandradighalia,8013
8100,Dhaka,Gopalganj,Gopalganj Sadar,Gopalganj Sadar,8100
8101,Dhaka,Gopalganj,Gopalganj Sadar,Ulpur,8101
8133,Dhaka,Gopalganj,Kashiani,Jonapur,8133
8130,Dhaka,Gopalganj,Kashiani,Kashiani,8130
8131,Dhaka,Gopalganj,Kashiani,Ramdia College,8131
8132,Dhaka,Gopalganj,Kashiani,Ratoil,8132
8110,Dhaka,Gopalganj,Kotalipara,Kotalipara,8110
8141,Dhaka,Gopalganj,Maksudpur,Batkiamari,8141
8142,Dhaka,Gopalganj,Maksudpur,Khandarpara,8142
8140,Dhaka,Gopalganj,Maksudpur,Muksudpur,8140
8121,Dhaka,Gopalganj,Tungipara,Patgati,8121
8120,Dhaka,Gopalganj,Tungipara,Tungipara,8120
2336,Dhaka,Kishoreganj,Bajitpur,Bajitpur,2336
2338,Dhaka,Kishoreganj,Bajitpur,Laksmipur,2338
2337,Dhaka,Kishoreganj,Bajitpur,Sararchar,2337
2350,Dhaka,Kishoreganj,Bhairob,Bhairab,2350
2320,Dhaka,Kishoreganj,Hossenpur,Hossenpur,2320
2390,Dhaka,Kishoreganj,Itna,Itna,2390
2310,Dhaka,Kishoreganj,Karimganj,Karimganj,2310
2331,Dhaka,Kishoreganj,Katiadi,Gochhihata,2331
2330,Dhaka,Kishoreganj,Katiadi,Katiadi,2330
2301,Dhaka,Kishoreganj,Kishoreganj Sadar,Kishoreganj S.Mills,2301
2300,Dhaka,Kishoreganj,Kishoreganj Sadar,Kishoreganj Sadar,2300
2302,Dhaka,Kishoreganj,Pakundia,Maizhati,2302
2303,Dhaka,Kishoreganj,Kishoreganj Sadar,Nilganj,2303
2341,Dhaka,Kishoreganj,Kuliarchar,Chhoysuti,2341
2340,Dhaka,Kishoreganj,Kuliarchar,Kuliarchar,2340
2371,Dhaka,Kishoreganj,Mithamoin,Abdullahpur,2371
2370,Dhaka,Kishoreganj,Mithamoin,MIthamoin,2370
2360,Dhaka,Kishoreganj,Nikli,Nikli,2360
2380,Dhaka,Kishoreganj,Bhairob,Ostagram,2380
2326,Dhaka,Kishoreganj,Pakundia,Pakundia,2326
2316,Dhaka,Kishoreganj,Tarail,Tarail,2316
7932,Dhaka,Madaripur,Barhamganj,Bahadurpur,7932
7930,Dhaka,Madaripur,Barhamganj,Barhamganj,7930
7931,Dhaka,Madaripur,Barhamganj,Nilaksmibandar,7931
7933,Dhaka,Madaripur,Barhamganj,Umedpur,7933
7920,Dhaka,Madaripur,kalkini,Kalkini,7920
7921,Dhaka,Madaripur,kalkini,Sahabrampur,7921
7901,Dhaka,Madaripur,Madaripur Sadar,Charmugria,7901
7903,Dhaka,Madaripur,Madaripur Sadar,Habiganj,7903
7902,Dhaka,Madaripur,Madaripur Sadar,Kulpaddi,7902
7900,Dhaka,Madaripur,Madaripur Sadar,Madaripur Sadar,7900
7904,Dhaka,Madaripur,Madaripur Sadar,Mustafapur,7904
7911,Dhaka,Madaripur,Rajoir,Khalia,7911
7910,Dhaka,Madaripur,Rajoir,Rajoir,7910
1860,Dhaka,Manikganj,Rafayetpur,Doulatpur,1860
1840,Dhaka,Manikganj,Ghior,Ghior,1840
1831,Dhaka,Manikganj,Lechhraganj,Jhitka,1831
1830,Dhaka,Manikganj,Barhamganj,Barhamganj,1830
1804,Dhaka,Manikganj,Manikganj Sadar,Barangail,1804
1802,Dhaka,Manikganj,Manikganj Sadar,Gorpara,1802
1803,Dhaka,Manikganj,Manikganj Sadar,Mahadebpur,1803
1801,Dhaka,Manikganj,Manikganj Sadar,Manikganj Bazar,1801
1800,Dhaka,Manikganj,Manikganj Sadar,Manikganj Sadar,1800
1811,Dhaka,Manikganj,Saturia,Baliati,1811
1810,Dhaka,Manikganj,Saturia,Saturia,1810
1851,Dhaka,Manikganj,Shibloya,Aricha,1851
1850,Dhaka,Manikganj,Shibloya,Shibaloy,1850
1852,Dhaka,Manikganj,Shibloya,Tewta,1852
1853,Dhaka,Manikganj,Shibloya,Uthli,1853
1821,Dhaka,Manikganj,Singari,Baira,1821
1822,Dhaka,Manikganj,Singari,joymantop,1822
1820,Dhaka,Manikganj,Singari,Singair,1820
1510,Dhaka,Munshiganj,Gajaria,Gajaria,1510
1511,Dhaka,Munshiganj,Gajaria,Hossendi,1511
1512,Dhaka,Munshiganj,Gajaria,Gouragonj,1512
1534,Dhaka,Munshiganj,Lohajong,Gouragonj,1534
1532,Dhaka,Munshiganj,Lohajong,Haldia SO,1532
1333,Dhaka,Dhaka,Lohajong,Haridia,1333
1533,Dhaka,Munshiganj,Lohajong,Haridia DESO,1533
1531,Dhaka,Munshiganj,Lohajong,Korhati,1531
1530,Dhaka,Munshiganj,Lohajong,Lohajang,1530
1335,Dhaka,Dhaka,Lohajong,Madini Mandal,1335
1503,Dhaka,Munshiganj,Munshiganj Sadar,Kathakhali,1503
1502,Dhaka,Munshiganj,Munshiganj Sadar,Mirkadim,1502
1500,Dhaka,Munshiganj,Munshiganj Sadar,Munshiganj Sadar,1500
1501,Dhaka,Munshiganj,Munshiganj Sadar,Rikabibazar,1501
1542,Dhaka,Munshiganj,Sirajdikhan,Ichapur,1542
1541,Dhaka,Munshiganj,Sirajdikhan,Kola,1541
1543,Dhaka,Munshiganj,Sirajdikhan,Malkha Nagar,1543
1544,Dhaka,Munshiganj,Sirajdikhan,Shekher Nagar,1544
1540,Dhaka,Munshiganj,Sirajdikhan,Sirajdikhan,1540
1557,Dhaka,Munshiganj,Sreenagar,Baghra,1557
1551,Dhaka,Munshiganj,Sreenagar,Rarikhal,1551
1558,Dhaka,Munshiganj,Sreenagar,Bhaggyakul,1558
1553,Dhaka,Munshiganj,Sreenagar,Hashara,1553
1554,Dhaka,Munshiganj,Sreenagar,Kolapara,1554
1555,Dhaka,Munshiganj,Sreenagar,Kumarbhog,1555
1552,Dhaka,Munshiganj,Sreenagar,Maijpara,1552
1550,Dhaka,Munshiganj,Sreenagar,Sreenagar,1550
1556,Dhaka,Munshiganj,Sreenagar,Vaggyakul SO,1556
1523,Dhaka,Munshiganj,Tangibari,Bajrajugini,1523
1522,Dhaka,Munshiganj,Tangibari,Baligao,1522
1521,Dhaka,Munshiganj,Tangibari,Betkahat,1521
1525,Dhaka,Munshiganj,Tangibari,Dighirpar,1525
1524,Dhaka,Munshiganj,Tangibari,Hasail,1524
1527,Dhaka,Munshiganj,Tangibari,Pura,1527
1526,Dhaka,Munshiganj,Tangibari,Pura EDSO,1526
1520,Dhaka,Munshiganj,Tangibari,Tangibari,1520
1450,Dhaka,Narayanganj,Araihazar,Araihazar,1450
1460,Dhaka,Narayanganj,Rupganj,Rupganj,1460
1451,Dhaka,Narayanganj,Araihazar,Baidder Bazar,1451
1440,Dhaka,Narayanganj,Baidder Bazar,Baidder Bazar,1440
1441,Dhaka,Narayanganj,Baidder Bazar,Bara Nagar,1441
1442,Dhaka,Narayanganj,Baidder Bazar,Barodi,1442
1410,Dhaka,Narayanganj,Bandar,Bandar,1410
1413,Dhaka,Narayanganj,Bandar,BIDS,1413
1411,Dhaka,Narayanganj,Bandar,D.C Mills,1411
1414,Dhaka,Narayanganj,Bandar,Madanganj,1414
1412,Dhaka,Narayanganj,Bandar,Nabiganj,1412
1421,Dhaka,Narayanganj,Fatullah,Fatulla Bazar,1421
1420,Dhaka,Narayanganj,Fatullah,Fatullah,1420
1400,Dhaka,Narayanganj,Narayanganj Sadar,Narayanganj Sadar,1400
1462,Dhaka,Narayanganj,Rupganj,Bhulta,1462
1461,Dhaka,Narayanganj,Rupganj,Kanchan,1461
1464,Dhaka,Narayanganj,Rupganj,Murapara,1464
1463,Dhaka,Narayanganj,Rupganj,Nagri,1463
1431,Dhaka,Narayanganj,Siddirganj,Adamjeenagar,1431
1432,Dhaka,Narayanganj,Siddirganj,LN Mills,1432
1430,Dhaka,Narayanganj,Siddirganj,Siddhirganj,1430
1640,Dhaka,Narsingdi,Belabo,Belabo,1640
1651,Dhaka,Narsingdi,Monohordi,Hatirdia,1651
1652,Dhaka,Narsingdi,Monohordi,Katabaria,1652
1650,Dhaka,Narsingdi,Monohordi,Monohordi,1650
1605,Dhaka,Narsingdi,Narsingdi Sadar,Karimpur,1605
1604,Dhaka,Narsingdi,Narsingdi Sadar,Madhabdi,1604
1602,Dhaka,Narsingdi,Narsingdi Sadar,Narsingdi College,1602
1600,Dhaka,Narsingdi,Narsingdi Sadar,Narsingdi Sadar,1600
1603,Dhaka,Narsingdi,Narsingdi Sadar,Panchdona,1603
1601,Dhaka,Narsingdi,Narsingdi Sadar,UMC Jute Mills,1601
1612,Dhaka,Narsingdi,Palash,Char Sindhur,1612
1613,Dhaka,Narsingdi,Palash,Ghorashal,1613
1611,Dhaka,Narsingdi,Palash,Sarkarkhana,1611
1610,Dhaka,Narsingdi,Palash,Palash,1610
1631,Dhaka,Narsingdi,Raypur,Bazar Hasnabad,1631
1632,Dhaka,Narsingdi,Raypur,Radhaganj bazar,1632
1630,Dhaka,Narsingdi,Raypur,Raipur,1630
1620,Dhaka,Narsingdi,Shibpur,Shibpur,1620
7730,Dhaka,Rajbari,Baliakandi,Baliakandi,7730
7731,Dhaka,Rajbari,Baliakandi,Nalia,7731
7723,Dhaka,Rajbari,Pangsha,Mrigibazar,7723
7720,Dhaka,Rajbari,Pangsha,Pangsha,7720
7721,Dhaka,Rajbari,Pangsha,Ramkol,7721
7722,Dhaka,Rajbari,Pangsha,Ratandia,7722
7710,Dhaka,Rajbari,Rajbari Sadar,Goalanda,7710
7711,Dhaka,Rajbari,Rajbari Sadar,Khankhanapur,7711
7700,Dhaka,Rajbari,Rajbari Sadar,Rajbari Sadar,7700
8030,Dhaka,Shariatpur,Bhedorganj,Bhedorganj,8030
8040,Dhaka,Shariatpur,Damudhya,Damudhya,8040
8050,Dhaka,Shariatpur,Gosairhat,Gosairhat,8050
8010,Dhaka,Shariatpur,Jajira,Jajira,8010
8021,Dhaka,Shariatpur,Naria,Bhozeshwar,8021
8022,Dhaka,Shariatpur,Naria,Gharisar,8022
8024,Dhaka,Shariatpur,Naria,Kartikpur,8024
8020,Dhaka,Shariatpur,Naria,Naria,8020
8023,Dhaka,Shariatpur,Naria,Upshi,8023
8001,Dhaka,Shariatpur,Shariatpur Sadar,Angaria,8001
8002,Dhaka,Shariatpur,Shariatpur Sadar,Chikandi,8002
8000,Dhaka,Shariatpur,Shariatpur Sadar,Shariatpur Sadar,8000
1920,Dhaka,Tangail,Basail,Basail,1920
1960,Dhaka,Tangail,Bhuapur,Bhuapur,1960
1910,Dhaka,Tangail,Delduar,Delduar,1910
1913,Dhaka,Tangail,Delduar,Elasin,1913
1914,Dhaka,Tangail,Delduar,Hinga Nagar,1914
1911,Dhaka,Tangail,Delduar,Jangalia,1911
1915,Dhaka,Tangail,Delduar,Lowhati,1915
1912,Dhaka,Tangail,Delduar,Patharail,1912
1982,Dhaka,Tangail,Ghatail,D. Pakutia,1982
1983,Dhaka,Tangail,Ghatail,Dhalapara,1983
1980,Dhaka,Tangail,Ghatail,Ghatial,1980
1984,Dhaka,Tangail,Ghatail,Lohani,1984
1981,Dhaka,Tangail,Ghatail,Zahidganj,1981
1990,Dhaka,Tangail,Gopalpur,Gopalpur,1990
1992,Dhaka,Tangail,Gopalpur,Hemnagar,1992
1991,Dhaka,Tangail,Gopalpur,Chatutia,1991
1973,Dhaka,Tangail,Kalihati,Ballabazar,1973
1974,Dhaka,Tangail,Kalihati,Elinga,1974
1970,Dhaka,Tangail,Kalihati,Kalihati,1970
1977,Dhaka,Tangail,Kalihati,Nagarbari,1977
1976,Dhaka,Tangail,Kalihati,Nagarbari SO,1976
1972,Dhaka,Tangail,Kalihati,Nagbari,1972
1975,Dhaka,Tangail,Kalihati,Palisha,1975
1971,Dhaka,Tangail,Kalihati,Rajafair,1971
1930,Dhaka,Tangail,Kashkaolia,Kashkawlia,1930
1997,Dhaka,Tangail,Madhupur,Dhonbari,1997
1996,Dhaka,Tangail,Madhupur,Madhupur,1996
1941,Dhaka,Tangail,Mirzapur,Gorai,1941
1944,Dhaka,Tangail,Mirzapur,Jarmuki,1944
1942,Dhaka,Tangail,Mirzapur,M.C. College,1942
1940,Dhaka,Tangail,Mirzapur,Mirzapur,1940
1945,Dhaka,Tangail,Mirzapur,Mohera,1945
1943,Dhaka,Tangail,Mirzapur,Warri paikpara,1943
1937,Dhaka,Tangail,Nagarpur,Dhuburia,1937
1936,Dhaka,Tangail,Nagarpur,Nagarpur,1936
1938,Dhaka,Tangail,Nagarpur,Salimabad,1938
1951,Dhaka,Tangail,Sakhipur,Kachua,1951
1950,Dhaka,Tangail,Sakhipur,Sakhipur,1950
1901,Dhaka,Tangail,Tangail Sadar,Kagmari,1901
1903,Dhaka,Tangail,Tangail Sadar,Korotia,1903
1904,Dhaka,Tangail,Tangail Sadar,Purabari,1904
1902,Dhaka,Tangail,Tangail Sadar,Santosh,1902
1900,Dhaka,Tangail,Tangail Sadar,Tangail Sadar,1900
2140,Mymensingh,Sherpur,Bakshigonj,Bakshigonj,2140
2030,Mymensingh,Jamalpur,Dewangonj,Dewangonj S. Mills,2030
2021,Mymensingh,Jamalpur,Islampur,Durmoot,2021
2022,Mymensingh,Jamalpur,Islampur,Gilabari,2022
2020,Mymensingh,Jamalpur,Islampur,Islampur,2020
2000,Mymensingh,Jamalpur,Jamalpur,Jalalpur,2000
2001,Mymensingh,Jamalpur,Jamalpur,Nandina,2001
2002,Mymensingh,Jamalpur,Jamalpur,Narundi,2002
2011,Mymensingh,Jamalpur,Melandah,Jalalpur,2011
2013,Mymensingh,Jamalpur,Melandah,Mahmudpur,2013
2012,Mymensingh,Jamalpur,Melandah,Malancha,2012
2010,Mymensingh,Jamalpur,Melandah,Melandah,2010
2041,Mymensingh,Jamalpur,Madarganj,Balijhuri,2041
2040,Mymensingh,Jamalpur,Madarganj,Madarganj,2040
2052,Mymensingh,Jamalpur,Sharishabari,Bausee,2052
2051,Mymensingh,Jamalpur,Sharishabari,Adarvita,2051
2053,Mymensingh,Jamalpur,Sharishabari,Jagannath Ghat,2053
2055,Mymensingh,Jamalpur,Sharishabari,Jamuna Sar Karkhana,2055
2054,Mymensingh,Jamalpur,Sharishabari,Pingna,2054
2050,Mymensingh,Jamalpur,Sharishabari,Sharishabari,2050
2240,Mymensingh,Mymensingh,Bhaluka,Bhaluka,2240
2216,Mymensingh,Mymensingh,Fulbaria,Fulbaria,2216
2234,Mymensingh,Mymensingh,Gaforgaon,Dobasia,2234
2230,Mymensingh,Mymensingh,Gaforgaon,Gaforgaon,2230
2233,Mymensingh,Mymensingh,Gaforgaon,Kandipara,2233
2231,Mymensingh,Mymensingh,Gaforgaon,Shibganj,2231
2232,Mymensingh,Mymensingh,Gaforgaon,Usti,2232
2270,Mymensingh,Mymensingh,Gouripur,Gouripur,2270
2271,Mymensingh,Mymensingh,Gouripur,Ramgopalpur,2271
2261,Mymensingh,Mymensingh,Haluaghat,Dhara,2261
2260,Mymensingh,Mymensingh,Haluaghat,Haluaghat,2260
2262,Mymensingh,Mymensingh,Haluaghat,Munshirhat,2262
2282,Mymensingh,Mymensingh,Isshwargonj,Atharabari,2282
2280,Mymensingh,Mymensingh,Isshwargonj,Isshwargonj,2280
2281,Mymensingh,Mymensingh,Isshwargonj,Sohagi,2281
2210,Mymensingh,Mymensingh,Muktagachha,Muktagachha,2210
2202,Mymensingh,Mymensingh,Mymensingh Sadar,Agriculture Universi,2202
2204,Mymensingh,Mymensingh,Mymensingh Sadar,Biddyaganj,2204
2201,Mymensingh,Mymensingh,Mymensingh Sadar,Kawatkhali,2201
2200,Mymensingh,Mymensingh,Mymensingh Sadar,Mymensingh Sadar,2200
2205,Mymensingh,Mymensingh,Mymensingh Sadar,Pearpur,2205
2203,Mymensingh,Mymensingh,Mymensingh Sadar,Shombhuganj,2203
2291,Mymensingh,Mymensingh,Nandail,Gangail,2291
2290,Mymensingh,Mymensingh,Nandail,Nandail,2290
2251,Mymensingh,Mymensingh,Phulpur,Beltia,2251
2250,Mymensingh,Mymensingh,Phulpur,Phulpur,2250
2252,Mymensingh,Mymensingh,Phulpur,Tarakanda,2252
2221,Mymensingh,Mymensingh,Trishal,Ahmadbad,2221
2223,Mymensingh,Mymensingh,Trishal,Dhala,2223
2222,Mymensingh,Mymensingh,Trishal,Ram Amritaganj,2222
2220,Mymensingh,Mymensingh,Trishal,Trishal,2220
2420,Mymensingh,Netrokona,Susung Durgapur,Susnng Durgapur,2420
2470,Mymensingh,Netrokona,Atpara,Atpara,2470
2440,Mymensingh,Netrokona,Barhatta,Barhatta,2440
2450,Mymensingh,Netrokona,Dharmapasha,Dharampasha,2450
2416,Mymensingh,Netrokona,Dhobaura,Dhobaura,2416
2417,Mymensingh,Netrokona,Dhobaura,Sakoai,2417
2430,Mymensingh,Netrokona,Kalmakanda,Kalmakanda,2430
2480,Mymensingh,Netrokona,Kendua,Kendua,2480
2460,Mymensingh,Netrokona,Khaliajuri,Khaliajhri,2460
2462,Mymensingh,Netrokona,Khaliajuri,Shaldigha,2462
2490,Mymensingh,Netrokona,Madan,Madan,2490
2456,Mymensingh,Netrokona,Moddhynagar,Moddoynagar,2456
2446,Mymensingh,Netrokona,Mohanganj,Mohanganj,2446
2401,Mymensingh,Netrokona,Netrakona Sadar,Baikherhati,2401
2400,Mymensingh,Netrokona,Netrakona Sadar,Netrakona Sadar,2400
2412,Mymensingh,Netrokona,Purbadhola,Jaria Jhanjhail,2412
2410,Mymensingh,Netrokona,Purbadhola,Purbadhola,2410
2411,Mymensingh,Netrokona,Purbadhola,Shamganj,2411
2120,Mymensingh,Sherpur,Jhinaigati,Jhinaigati,2120
2151,Mymensingh,Sherpur,Nakla,Gonopaddi,2151
2150,Mymensingh,Sherpur,Nakla,Nakla,2150
2111,Mymensingh,Sherpur,Nalitabari,Hatibandha,2111
2110,Mymensingh,Sherpur,Nalitabari,Nalitabari,2110
2100,Mymensingh,Sherpur,Sherpur Shadar,Sherpur Shadar,2100
2130,Mymensingh,Sherpur,Shribardi,Shribardi,2130
3360,Sylhet,Habiganj,Azmireeganj,Azmireeganj,3360
3310,Sylhet,Habiganj,Bahubal,Bahubal,3310
3350,Sylhet,Habiganj,Baniachang,Baniachang,3350
3351,Sylhet,Habiganj,Baniachang,Jatrapasha,3351
3352,Sylhet,Habiganj,Baniachang,Kadirganj,3352
3321,Sylhet,Habiganj,Chunarughat,Chandpurbagan,3321
3320,Sylhet,Habiganj,Chunarughat,Chunarughat,3320
3322,Sylhet,Habiganj,Chunarughat,Narapati,3322
3302,Sylhet,Habiganj,Habiganj Sadar,Gopaya,3302
3300,Sylhet,Habiganj,Habiganj Sadar,Habiganj Sadar,3300
3301,Sylhet,Habiganj,Habiganj Sadar,Shaestaganj,3301
3340,Sylhet,Habiganj,Kalauk,Kalauk,3340
3341,Sylhet,Habiganj,Kalauk,Lakhai,3341
3331,Sylhet,Habiganj,Madhabpur,Itakhola,3331
3330,Sylhet,Habiganj,Madhabpur,Madhabpur,3330
3333,Sylhet,Habiganj,Madhabpur,Saihamnagar,3333
3332,Sylhet,Habiganj,Madhabpur,Shahajibazar,3332
3373,Sylhet,Habiganj,Nabiganj,Digalbak,3373
3372,Sylhet,Habiganj,Nabiganj,Golduba,3372
3371,Sylhet,Habiganj,Nabiganj,Goplarbazar,3371
3374,Sylhet,Habiganj,Nabiganj,Inathganj,3374
3370,Sylhet,Habiganj,Nabiganj,Nabiganj,3370
3250,Sylhet,Moulvibazar,Baralekha,Baralekha,3250
3252,Sylhet,Moulvibazar,Baralekha,Dhakkhinbag,3252
3251,Sylhet,Moulvibazar,Baralekha,Juri,3251
3253,Sylhet,Moulvibazar,Baralekha,Purbashahabajpur,3253
3220,Sylhet,Moulvibazar,Kamalganj,Kamalganj,3220
3221,Sylhet,Moulvibazar,Kamalganj,Keramatnaga,3221
3224,Sylhet,Moulvibazar,Kamalganj,Munshibazar,3224
3222,Sylhet,Moulvibazar,Kamalganj,Patrakhola,3222
3223,Sylhet,Moulvibazar,Kamalganj,Shamsher Nagar,3223
3237,Sylhet,Moulvibazar,Kulaura,Baramchal,3237
3234,Sylhet,Moulvibazar,Kulaura,Kajaldhara,3234
3235,Sylhet,Moulvibazar,Kulaura,Karimpur,3235
3230,Sylhet,Moulvibazar,Kulaura,Kulaura,3230
3232,Sylhet,Moulvibazar,Kulaura,Langla,3232
3233,Sylhet,Moulvibazar,Kulaura,Prithimpasha,3233
3231,Sylhet,Moulvibazar,Kulaura,Tillagaon,3231
3203,Sylhet,Moulvibazar,Moulvibazar Sadar,Afrozganj,3203
3201,Sylhet,Moulvibazar,Moulvibazar Sadar,Barakapan,3201
3202,Sylhet,Moulvibazar,Moulvibazar Sadar,Monumukh,3202
3200,Sylhet,Moulvibazar,Moulvibazar Sadar,Moulvibazar Sadar,3200
3240,Sylhet,Moulvibazar,Rajnagar,Rajnagar,3240
3212,Sylhet,Moulvibazar,Srimangal,Kalighat,3212
3213,Sylhet,Moulvibazar,Srimangal,Khejurichhara,3213
3211,Sylhet,Moulvibazar,Srimangal,Narain Chora,3211
3214,Sylhet,Moulvibazar,Srimangal,Satgaon,3214
3210,Sylhet,Moulvibazar,Srimangal,Srimangal,3210
3010,Sylhet,Sunamganj,Bishamsarpur,Bishamsapur,3010
3080,Sylhet,Sunamganj,Chhatak,Chhatak,3080
3081,Sylhet,Sunamganj,Chhatak,Chhatak Cement Facto,3081
3082,Sylhet,Sunamganj,Chhatak,Chhatak Paper Mills,3082
3893,Sylhet,Noakhali,Chhatak,Chourangi Bazar,3893
3083,Sylhet,Sunamganj,Chhatak,Gabindaganj,3083
3084,Sylhet,Sunamganj,Chhatak,Gabindaganj Natun Ba,3084
3088,Sylhet,Sunamganj,Chhatak,Islamabad,3088
3087,Sylhet,Sunamganj,Chhatak,jahidpur,3087
3085,Sylhet,Sunamganj,Chhatak,Khurma,3085
3086,Sylhet,Sunamganj,Chhatak,Moinpur,3086
3040,Sylhet,Sunamganj,Dhirai Chandpur,Dhirai Chandpur,3040
3041,Sylhet,Sunamganj,Dhirai Chandpur,Jagdal,3041
3070,Sylhet,Sunamganj,Duara bazar,Duara bazar,3070
3050,Sylhet,Sunamganj,Ghungiar,Ghungiar,3050
3062,Sylhet,Sunamganj,Jagnnathpur,Atuajan,3062
3063,Sylhet,Sunamganj,Jagnnathpur,Hasan Fatemapur,3063
3060,Sylhet,Sunamganj,Jagnnathpur,Jagnnathpur,3060
3064,Sylhet,Sunamganj,Jagnnathpur,Rasulganj,3064
3065,Sylhet,Sunamganj,Jagnnathpur,Shiramsi,3065
3061,Sylhet,Sunamganj,Jagnnathpur,Saidpur,3061
3127,Sylhet,Sylhet,Balaganj,Kathal Khair,3127
3020,Sylhet,Sunamganj,Sachna,Sachna,3020
3001,Sylhet,Sunamganj,Sunamganj Sadar,Pagla,3001
3002,Sylhet,Sunamganj,Sunamganj Sadar,Patharia,3002
3000,Sylhet,Sunamganj,Sunamganj Sadar,Sunamganj Sadar,3000
3030,Sylhet,Sunamganj,Tahirpur,Tahirpur,3030
3120,Sylhet,Sylhet,Balaganj,Balaganj,3120
3125,Sylhet,Sylhet,Balaganj,Begumpur,3125
3122,Sylhet,Sylhet,Balaganj,Brahman Shashon,3122
3128,Sylhet,Sylhet,Balaganj,Gaharpur,3128
3124,Sylhet,Sylhet,Balaganj,Goala Bazar,3124
3121,Sylhet,Sylhet,Balaganj,Karua,3121
3129,Sylhet,Sylhet,Balaganj,Natun Bazar,3129
3126,Sylhet,Sylhet,Balaganj,Omarpur,3126
3123,Sylhet,Sylhet,Balaganj,Tajpur,3123
3170,Sylhet,Sylhet,Bianibazar,Bianibazar,3170
3175,Sylhet,Sylhet,Bianibazar,Churkai,3175
3171,Sylhet,Sylhet,Bianibazar,jaldup,3171
3173,Sylhet,Sylhet,Bianibazar,Kurar bazar,3173
3172,Sylhet,Sylhet,Bianibazar,Mathiura,3172
3174,Sylhet,Sylhet,Bianibazar,Salia bazar,3174
3130,Sylhet,Sylhet,Bishwanath,Bishwanath,3130
3131,Sylhet,Sylhet,Bishwanath,Dashghar,3131
3133,Sylhet,Sylhet,Bishwanath,Deokalas,3133
3132,Sylhet,Sylhet,Bishwanath,Doulatpur,3132
3134,Sylhet,Sylhet,Bishwanath,Singer kanch,3134
3116,Sylhet,Sylhet,Fenchuganj,Fenchuganj,3116
3117,Sylhet,Sylhet,Fenchuganj,Fenchuganj SareKarkh,3117
3152,Sylhet,Sylhet,Goainghat,Chiknagul,3152
3150,Sylhet,Sylhet,Goainghat,Goainghat,3150
3151,Sylhet,Sylhet,Goainghat,Jaflong,3151
3164,Sylhet,Sylhet,Golapganj,Banigram,3164
3165,Sylhet,Sylhet,Golapganj,Chandanpur,3165
3162,Sylhet,Sylhet,Golapganj,Dakkhin Bhadashore,3162
3161,Sylhet,Sylhet,Golapganj,Dhaka Dakkshin,3161
3160,Sylhet,Sylhet,Golapganj,Golapganj,3160
3163,Sylhet,Sylhet,Golapganj,Ranaping,3163
3156,Sylhet,Sylhet,Jaintapur,Jaintapur,3156
3191,Sylhet,Sylhet,Jakiganj,Ichhamati,3191
3190,Sylhet,Sylhet,Jakiganj,Jakiganj,3190
3181,Sylhet,Sylhet,Kanaighat,Chatulbazar,3181
3183,Sylhet,Sylhet,Kanaighat,Gachbari,3183
3180,Sylhet,Sylhet,Kanaighat,Kanaighat,3180
3182,Sylhet,Sylhet,Kanaighat,Manikganj,3182
3140,Sylhet,Sylhet,Kompanyganj,Companyganj,3140
3106,Sylhet,Sylhet,Sylhet Sadar,Birahimpur,3106
3107,Sylhet,Sylhet,Sylhet Sadar,Jalalabad,3107
3104,Sylhet,Sylhet,Sylhet Sadar,Jalalabad Cantoment,3104
3111,Sylhet,Sylhet,Sylhet Sadar,Kadamtali,3111
3112,Sylhet,Sylhet,Sylhet Sadar,Kamalbazer,3112
3103,Sylhet,Sylhet,Sylhet Sadar,Khadimnagar,3103
3113,Sylhet,Sylhet,Sylhet Sadar,Lalbazar,3113
3108,Sylhet,Sylhet,Sylhet Sadar,Mogla,3108
3109,Sylhet,Sylhet,Sylhet Sadar,Ranga Hajiganj,3109
3114,Sylhet,Sylhet,Sylhet Sadar,Shahajalal Science &amp;,3114
3105,Sylhet,Sylhet,Sylhet Sadar,Silam,3105
3100,Sylhet,Sylhet,Sylhet Sadar,Sylhet Sadar,3100
3102,Sylhet,Sylhet,Sylhet Sadar,Sylhet Biman Bondar,3102
3101,Sylhet,Sylhet,Sylhet Sadar,Mangal Kandi,3101
4650,Chittagong,Bandarban,Alikadam,Alikadam,4650
4660,Chittagong,Bandarban,Naikhong,Naikhong,4660
4610,Chittagong,Bandarban,Roanchhari,Roanchhari,4610
4620,Chittagong,Bandarban,Ruma,Ruma,4620
4641,Chittagong,Bandarban,Thanchi,Lama,4641
4630,Chittagong,Bandarban,Thanchi,Thanchi,4630
3450,Chittagong,Brahmanbaria,Akhaura,Akhaura,3450
3451,Chittagong,Brahmanbaria,Akhaura,Azampur,3451
3452,Chittagong,Brahmanbaria,Akhaura,Gangasagar,3452
3420,Chittagong,Brahmanbaria,Banchharampur,Banchharampur,3420
3402,Chittagong,Brahmanbaria,Brahamanbaria Sadar,Ashuganj,3402
3403,Chittagong,Brahmanbaria,Brahamanbaria Sadar,Ashuganj Share,3403
3400,Chittagong,Brahmanbaria,Brahamanbaria Sadar,Brahamanbaria Sadar,3400
3404,Chittagong,Brahmanbaria,Brahamanbaria Sadar,Poun,3404
3401,Chittagong,Brahmanbaria,Brahamanbaria Sadar,Talshahar,3401
3462,Chittagong,Brahmanbaria,Kasba,Chandidar,3462
3463,Chittagong,Brahmanbaria,Kasba,Chargachh,3463
3464,Chittagong,Brahmanbaria,Kasba,Gopinathpur,3464
3460,Chittagong,Brahmanbaria,Kasba,Kasba,3460
3461,Chittagong,Brahmanbaria,Kasba,Kuti,3461
3419,Chittagong,Brahmanbaria,Nabinagar,Jibanganj,3419
3417,Chittagong,Brahmanbaria,Nabinagar,Kaitala,3417
3411,Chittagong,Brahmanbaria,Nabinagar,Laubfatehpur,3411
3410,Chittagong,Brahmanbaria,Nabinagar,Nabinagar,3410
3412,Chittagong,Brahmanbaria,Nabinagar,Rasullabad,3412
3414,Chittagong,Brahmanbaria,Nabinagar,Ratanpur,3414
3418,Chittagong,Brahmanbaria,Nabinagar,Salimganj,3418
3415,Chittagong,Brahmanbaria,Nabinagar,Shahapur,3415
3413,Chittagong,Brahmanbaria,Nabinagar,Shamgram,3413
3441,Chittagong,Brahmanbaria,Nasirnagar,Fandauk,3441
3440,Chittagong,Brahmanbaria,Nasirnagar,Nasirnagar,3440
3432,Chittagong,Brahmanbaria,Sarail,Chandura,3432
3430,Chittagong,Brahmanbaria,Sarail,Sarial,3430
3431,Chittagong,Brahmanbaria,Sarail,Shahbajpur,3431
3602,Chittagong,Chandpur,Chandpur Sadar,Baburhat,3602
3600,Chittagong,Chandpur,Chandpur Sadar,Chandpur Sadar,3600
3601,Chittagong,Chandpur,Chandpur Sadar,Puranbazar,3601
3603,Chittagong,Chandpur,Chandpur Sadar,Sahatali,3603
3651,Chittagong,Chandpur,Faridganj,Chandra,3651
3650,Chittagong,Chandpur,Faridganj,Faridganj,3650
3653,Chittagong,Chandpur,Faridganj,Gridkaliandia,3653
3655,Chittagong,Chandpur,Faridganj,Islampur Shah Isain,3655
3654,Chittagong,Chandpur,Faridganj,Rampurbazar,3654
3652,Chittagong,Chandpur,Faridganj,Rupsha,3652
3611,Chittagong,Chandpur,Hajiganj,Bolakhal,3611
3610,Chittagong,Chandpur,Hajiganj,Hajiganj,3610
3661,Chittagong,Chandpur,Hayemchar,Gandamara,3661
3660,Chittagong,Chandpur,Hayemchar,Hayemchar,3660
3630,Chittagong,Chandpur,Kachua,Kachua,3630
3631,Chittagong,Chandpur,Kachua,Pak Shrirampur,3631
3632,Chittagong,Chandpur,Kachua,Rahima Nagar,3632
3633,Chittagong,Chandpur,Kachua,Shachar,3633
3642,Chittagong,Chandpur,Matlobganj,Kalipur,3642
3640,Chittagong,Chandpur,Matlobganj,Matlobganj,3640
3641,Chittagong,Chandpur,Matlobganj,Mohanpur,3641
3623,Chittagong,Chandpur,Shahrasti,Chotoshi,3623
3624,Chittagong,Chandpur,Shahrasti,Islamia Madrasha,3624
3621,Chittagong,Chandpur,Shahrasti,Khilabazar,3621
3622,Chittagong,Chandpur,Shahrasti,Pashchim Kherihar Al,3622
3620,Chittagong,Chandpur,Shahrasti,UNKILA,3620
4376,Chittagong,Chittagong,Anawara,Anowara,4376
4378,Chittagong,Chittagong,Anawara,Battali,4378
4377,Chittagong,Chittagong,Anawara,Paroikora,4377
4366,Chittagong,Chittagong,Boalkhali,Boalkhali,4366
4369,Chittagong,Chittagong,Boalkhali,Charandwip,4369
4365,Chittagong,Chittagong,Boalkhali,Iqbal Park,4365
4368,Chittagong,Chittagong,Boalkhali,Kadurkhal,4368
4363,Chittagong,Chittagong,Boalkhali,Kanungopara,4363
4367,Chittagong,Chittagong,Boalkhali,Sakpura,4367
4364,Chittagong,Chittagong,Boalkhali,Saroatoli,4364
4221,Chittagong,Chittagong,Chattogram Sadar,Al- Amin Baria Madra,4221
4211,Chittagong,Chittagong,Chattogram Sadar,Amin Jute Mills,4211
4215,Chittagong,Chittagong,Chattogram Sadar,Anandabazar,4215
4210,Chittagong,Chittagong,Chattogram Sadar,Bayezid Bostami,4210
4212,Chittagong,Chittagong,Chattogram Sadar,Chandgaon,4212
4203,Chittagong,Chittagong,Chattogram Sadar,Chawkbazar,4203
4220,Chittagong,Chittagong,Chattogram Sadar,Chitt. Cantonment,4220
4219,Chittagong,Chittagong,Chattogram Sadar,Chitt. Customs Acca,4219
4209,Chittagong,Chittagong,Chattogram Sadar,Chitt. Politechnic In,4209
4218,Chittagong,Chittagong,Chattogram Sadar,Chitt. Sailers Colon,4218
4205,Chittagong,Chittagong,Chattogram Sadar,Chattogram Airport,4205
4100,Chittagong,Chittagong,Chattogram Sadar,Chattogram Bandar,4100
4000,Chittagong,Chittagong,Chattogram Sadar,Chattogram GPO,4000
4223,Chittagong,Chittagong,Chattogram Sadar,Export Processing,4223
4207,Chittagong,Chittagong,Chattogram Sadar,Firozshah,4207
4216,Chittagong,Chittagong,Chattogram Sadar,Halishahar,4216
4225,Chittagong,Chittagong,Chattogram Sadar,Khulshi,4225
4214,Chittagong,Chittagong,Chattogram Sadar,Jalalabad,4214
4206,Chittagong,Chittagong,Chattogram Sadar,Jaldia Merine Accade,4206
4222,Chittagong,Chittagong,Chattogram Sadar,Middle Patenga,4222
4208,Chittagong,Chittagong,Chattogram Sadar,Mohard,4208
4226,Chittagong,Chittagong,Chattogram Sadar,North Halishahar,4226
4217,Chittagong,Chittagong,Chattogram Sadar,North Katuli,4217
4202,Chittagong,Chittagong,Chattogram Sadar,Pahartoli,4202
4204,Chittagong,Chittagong,Chattogram Sadar,Patenga,4204
4224,Chittagong,Chittagong,Chattogram Sadar,Rampur TSO,4224
4213,Chittagong,Chittagong,Chattogram Sadar,Wazedia,4213
4383,Chittagong,Chittagong,East Joara,Barma,4383
4382,Chittagong,Chittagong,East Joara,Dohazari,4382
4380,Chittagong,Chittagong,East Joara,East Joara,4380
4381,Chittagong,Chittagong,East Joara,Gachbaria,4381
4352,Chittagong,Chittagong,Fatikchhari,Bhandar Sharif,4352
4350,Chittagong,Chittagong,Fatikchhari,Fatikchhari,4350
4354,Chittagong,Chittagong,Fatikchhari,Harualchhari,4354
4353,Chittagong,Chittagong,Fatikchhari,Najirhat,4353
4351,Chittagong,Chittagong,Fatikchhari,Nanupur,4351
4355,Chittagong,Chittagong,Fatikchhari,Narayanhat,4355
4331,Chittagong,Chittagong,Hathazari,Chitt.University,4331
4335,Chittagong,Chittagong,Hathazari,Fatahabad,4335
4332,Chittagong,Chittagong,Hathazari,Gorduara,4332
4330,Chittagong,Chittagong,Hathazari,Hathazari,4330
4333,Chittagong,Chittagong,Hathazari,Katirhat,4333
4339,Chittagong,Chittagong,Hathazari,Madrasa,4339
4334,Chittagong,Chittagong,Hathazari,Mirzapur,4334
4337,Chittagong,Chittagong,Hathazari,Nuralibari,4337
4338,Chittagong,Chittagong,Hathazari,Yunus Nagar,4338
4393,Chittagong,Chittagong,Jaldi,Banigram,4393
4392,Chittagong,Chittagong,Jaldi,Gunagari,4392
4390,Chittagong,Chittagong,Jaldi,Jaldi,4390
4391,Chittagong,Chittagong,Jaldi,Khan Bahadur,4391
4398,Chittagong,Chittagong,Lohagara,Chunti,4398
4396,Chittagong,Chittagong,Lohagara,Lohagara,4396
4397,Chittagong,Chittagong,Lohagara,Padua,4397
4321,Chittagong,Chittagong,Mirsharai,Abutorab,4321
4325,Chittagong,Chittagong,Mirsharai,Azampur,4325
4323,Chittagong,Chittagong,Mirsharai,Bharawazhat,4323
4322,Chittagong,Chittagong,Mirsharai,Daraga Hat,4322
4324,Chittagong,Chittagong,Mirsharai,Joarganj,4324
4327,Chittagong,Chittagong,Mirsharai,Korerhat,4327
4320,Chittagong,Chittagong,Mirsharai,Mirsharai,4320
4328,Chittagong,Chittagong,Mirsharai,Mohazanhat,4328
4371,Chittagong,Chittagong,Patiya,Budhpara,4371
4370,Chittagong,Chittagong,Patiya,Patiya Head Office,4370
4361,Chittagong,Chittagong,Rangunia,Dhamair,4361
4360,Chittagong,Chittagong,Rangunia,Rangunia,4360
4349,Chittagong,Chittagong,Raozan,B.I.T Post Office,4349
4341,Chittagong,Chittagong,Raozan,Beenajuri,4341
4347,Chittagong,Chittagong,Raozan,Dewanpur,4347
4345,Chittagong,Chittagong,Raozan,Fatepur,4345
4343,Chittagong,Chittagong,Raozan,Gahira,4343
4346,Chittagong,Chittagong,Raozan,Guzra Noapara,4346
4344,Chittagong,Chittagong,Raozan,jagannath Hat,4344
4342,Chittagong,Chittagong,Raozan,Kundeshwari,4342
4348,Chittagong,Chittagong,Raozan,Mohamuni,4348
4340,Chittagong,Chittagong,Raozan,Rouzan,4340
4300,Chittagong,Chittagong,Sandwip,Sandwip,4300
4301,Chittagong,Chittagong,Sandwip,Shiberhat,4301
4302,Chittagong,Chittagong,Sandwip,Sandwip,4302
4387,Chittagong,Chittagong,Satkania,Baitul Ijjat,4387
4388,Chittagong,Chittagong,Satkania,Bazalia,4388
4386,Chittagong,Chittagong,Satkania,Satkania,4386
4312,Chittagong,Chittagong,Sitakunda,Barabkunda,4312
4311,Chittagong,Chittagong,Sitakunda,Baroidhala,4311
4313,Chittagong,Chittagong,Sitakunda,Bawashbaria,4313
4315,Chittagong,Chittagong,Sitakunda,Bhatiari,4315
4316,Chittagong,Chittagong,Sitakunda,Fouzdarhat,4316
4317,Chittagong,Chittagong,Sitakunda,Jafrabad,4317
4314,Chittagong,Chittagong,Sitakunda,Kumira,4314
4310,Chittagong,Chittagong,Sitakunda,Sitakunda,4310
3560,Chittagong,Cumilla,Barura,Barura,3560
3562,Chittagong,Cumilla,Barura,Murdafarganj,3562
3561,Chittagong,Cumilla,Barura,Poyalgachha,3561
3526,Chittagong,Cumilla,Brahmanpara,Brahmanpara,3526
3520,Chittagong,Cumilla,Burichang,Burichang,3520
3521,Chittagong,Cumilla,Burichang,Maynamoti bazar,3521
3510,Chittagong,Cumilla,Chandina,Mohichail,3510
3511,Chittagong,Cumilla,Chandina,Madhaiabazar,3511
3551,Chittagong,Cumilla,Chouddagram,Batisa,3551
3552,Chittagong,Cumilla,Chouddagram,Chiora,3552
3550,Chittagong,Cumilla,Chouddagram,Chouddagram,3550
3501,Chittagong,Cumilla,Comilla Sadar,Comilla Contoment,3501
3500,Chittagong,Cumilla,Comilla Sadar,Comilla Sadar,3500
3503,Chittagong,Cumilla,Comilla Sadar,Courtbari,3503
3502,Chittagong,Cumilla,Comilla Sadar,Halimanagar,3502
3504,Chittagong,Cumilla,Comilla Sadar,Suaganj,3504
3518,Chittagong,Cumilla,Daudkandi,Dashpara,3518
3516,Chittagong,Cumilla,Daudkandi,Daudkandi,3516
3519,Chittagong,Cumilla,Daudkandi,Eliotganj,3519
3517,Chittagong,Cumilla,Daudkandi,Gouripur,3517
3532,Chittagong,Cumilla,Davidhar,Barashalghar,3532
3530,Chittagong,Cumilla,Davidhar,Davidhar,3530
3533,Chittagong,Cumilla,Davidhar,Dhamtee,3533
3531,Chittagong,Cumilla,Davidhar,Gangamandal,3531
3546,Chittagong,Cumilla,Homna,Homna,3546
3572,Chittagong,Cumilla,Laksam,Bipulasar,3572
3570,Chittagong,Cumilla,Laksam,Laksam,3570
3571,Chittagong,Cumilla,Laksam,Laksam,3571
3582,Chittagong,Cumilla,Langalkot,Chhariabazar,3582
3581,Chittagong,Cumilla,Langalkot,Dhalua,3581
3583,Chittagong,Cumilla,Langalkot,Gunabati,3583
3580,Chittagong,Cumilla,Langalkot,Langalkot,3580
3543,Chittagong,Cumilla,Muradnagar,Bangra,3543
3542,Chittagong,Cumilla,Muradnagar,Companyganj,3542
3540,Chittagong,Cumilla,Muradnagar,Muradnagar,3540
3545,Chittagong,Cumilla,Muradnagar,Pantibazar,3545
3541,Chittagong,Cumilla,Muradnagar,Ramchandarpur,3541
3544,Chittagong,Cumilla,Muradnagar,Sonakanda,3544
4742,Chittagong,Cox's Bazar,Chiringga,Badarkali,4742
4740,Chittagong,Cox's Bazar,Chiringga,Chiringga,4740
4741,Chittagong,Cox's Bazar,Chiringga,Chiringga S.O,4741
4743,Chittagong,Cox's Bazar,Chiringga,Malumghat,4743
4700,Chittagong,Cox's Bazar,Coxs Bazar Sadar,Coxs Bazar Sadar,4700
4702,Chittagong,Cox's Bazar,Coxs Bazar Sadar,Eidga,4702
4701,Chittagong,Cox's Bazar,Coxs Bazar Sadar,Zhilanja,4701
4710,Chittagong,Cox's Bazar,Gorakghat,Gorakghat,4710
4720,Chittagong,Cox's Bazar,Kutubdia,Kutubdia,4720
4730,Chittagong,Cox's Bazar,Ramu,Ramu,4730
4761,Chittagong,Cox's Bazar,Teknaf,Hnila,4761
4762,Chittagong,Cox's Bazar,Teknaf,St.Martin,4762
4760,Chittagong,Cox's Bazar,Teknaf,Teknaf,4760
4750,Chittagong,Cox's Bazar,Ukhia,Ukhia,4750
3910,Chittagong,Feni,Chhagalnaia,Chhagalnaia,3910
3912,Chittagong,Feni,Chhagalnaia,Daraga Hat,3912
3911,Chittagong,Feni,Chhagalnaia,Maharajganj,3911
3913,Chittagong,Feni,Chhagalnaia,Puabashimulia,3913
3922,Chittagong,Feni,Dagonbhuia,Silonia,3922
3920,Chittagong,Feni,Dagonbhuia,Dagondhuia,3920
3921,Chittagong,Feni,Dagonbhuia,Dudmukha,3921
3923,Chittagong,Feni,Dagonbhuia,Rajapur,3923
3901,Chittagong,Feni,Feni Sadar,Fazilpur,3901
3900,Chittagong,Feni,Feni Sadar,Feni Sadar,3900
3903,Chittagong,Feni,Feni Sadar,Laskarhat,3903
3902,Chittagong,Feni,Feni Sadar,Sharshadie,3902
3942,Chittagong,Feni,Pashurampur,Fulgazi,3942
3943,Chittagong,Feni,Pashurampur,Munshirhat,3943
3940,Chittagong,Feni,Pashurampur,Pashurampur,3940
3941,Chittagong,Feni,Pashurampur,Shuarbazar,3941
3932,Chittagong,Feni,Sonagazi,Ahmadpur,3932
3933,Chittagong,Feni,Sonagazi,Kazirhat,3933
3931,Chittagong,Feni,Sonagazi,Motiganj,3931
3930,Chittagong,Feni,Sonagazi,Sonagazi,3930
4420,Chittagong,Khagrachhari,Diginala,Diginala,4420
4400,Chittagong,Khagrachhari,Khagrachari Sadar,Khagrachari Sadar,4400
4470,Chittagong,Khagrachhari,Laxmichhari,Laxmichhari,4470
4430,Chittagong,Khagrachhari,Mahalchhari,Mahalchhari,4430
4460,Chittagong,Khagrachhari,Manikchhari,Manikchhari,4460
4450,Chittagong,Khagrachhari,Matiranga,Matiranga,4450
4410,Chittagong,Khagrachhari,Panchhari,Panchhari,4410
4440,Chittagong,Khagrachhari,Ramghar Head Office,Ramghar Head Office,4440
3730,Chittagong,Lakshmipur,Char Alexgander,Char Alexgander,3730
3731,Chittagong,Lakshmipur,Char Alexgander,Hajirghat,3731
3732,Chittagong,Lakshmipur,Char Alexgander,Ramgatirhat,3732
3709,Chittagong,Lakshmipur,Lakshimpur Sadar,Amani Lakshimpur,3709
3702,Chittagong,Lakshmipur,Lakshimpur Sadar,Bhabaniganj,3702
3708,Chittagong,Lakshmipur,Lakshimpur Sadar,Chandraganj,3708
3707,Chittagong,Lakshmipur,Lakshimpur Sadar,Choupalli,3707
3701,Chittagong,Lakshmipur,Lakshimpur Sadar,Dalal Bazar,3701
3706,Chittagong,Lakshmipur,Lakshimpur Sadar,Duttapara,3706
3704,Chittagong,Lakshmipur,Lakshimpur Sadar,Keramatganj,3704
3700,Chittagong,Lakshmipur,Lakshimpur Sadar,Lakshimpur Sadar,3700
3703,Chittagong,Lakshmipur,Lakshimpur Sadar,Mandari,3703
3705,Chittagong,Lakshmipur,Lakshimpur Sadar,Rupchara,3705
3721,Chittagong,Lakshmipur,Ramganj,Alipur,3721
3725,Chittagong,Lakshmipur,Ramganj,Dolta,3725
3723,Chittagong,Lakshmipur,Ramganj,Kanchanpur,3723
3724,Chittagong,Lakshmipur,Ramganj,Naagmud,3724
3722,Chittagong,Lakshmipur,Ramganj,Panpara,3722
3720,Chittagong,Lakshmipur,Ramganj,Ramganj,3720
3714,Chittagong,Lakshmipur,Raypur,Bhuiyanbari,3714
3713,Chittagong,Lakshmipur,Raypur,Khaser Hat,3713
3712,Chittagong,Lakshmipur,Raypur,Nagerdighirpar,3712
3711,Chittagong,Lakshmipur,Raypur,Rakhallia,3711
3710,Chittagong,Lakshmipur,Raypur,Raipur,3710
3850,Chittagong,Noakhali,Basurhat,Basur Hat,3850
3851,Chittagong,Noakhali,Basurhat,Charhajari,3851
3831,Chittagong,Noakhali,Begumganj,Alaiarpur,3831
3847,Chittagong,Noakhali,Begumganj,Amisha Para,3847
3822,Chittagong,Noakhali,Begumganj,Banglabazar,3822
3824,Chittagong,Noakhali,Begumganj,Bazra,3824
3820,Chittagong,Noakhali,Begumganj,Begumganj,3820
3837,Chittagong,Noakhali,Begumganj,Bhabani Jibanpur,3837
3821,Chittagong,Noakhali,Begumganj,Choumohani,3821
3843,Chittagong,Noakhali,Begumganj,Dauti,3843
3848,Chittagong,Noakhali,Begumganj,Durgapur,3848
3828,Chittagong,Noakhali,Begumganj,Gopalpur,3828
3825,Chittagong,Noakhali,Begumganj,Jamidar Hat,3825
3844,Chittagong,Noakhali,Begumganj,Joyag,3844
3829,Chittagong,Noakhali,Begumganj,Joynarayanpur,3829
3833,Chittagong,Noakhali,Begumganj,Khalafat Bazar,3833
3842,Chittagong,Noakhali,Begumganj,Khalishpur,3842
3838,Chittagong,Noakhali,Begumganj,Maheshganj,3838
3823,Chittagong,Noakhali,Begumganj,Mir Owarishpur,3823
3839,Chittagong,Noakhali,Begumganj,Nadona,3839
3841,Chittagong,Noakhali,Begumganj,Nandiapara,3841
3835,Chittagong,Noakhali,Begumganj,Oachhekpur,3835
3834,Chittagong,Noakhali,Begumganj,Rajganj,3834
3827,Chittagong,Noakhali,Begumganj,Sonaimuri,3827
3832,Chittagong,Noakhali,Begumganj,Tangirpar,3832
3845,Chittagong,Noakhali,Begumganj,Thanar Hat,3845
3879,Chittagong,Noakhali,Chatkhil,Bansa Bazar,3879
3873,Chittagong,Noakhali,Chatkhil,Bodalcourt,3873
3870,Chittagong,Noakhali,Chatkhil,Chatkhil,3870
3878,Chittagong,Noakhali,Chatkhil,Dosh Gharia,3878
3877,Chittagong,Noakhali,Chatkhil,Karihati,3877
3872,Chittagong,Noakhali,Chatkhil,Khilpara,3872
3871,Chittagong,Noakhali,Chatkhil,Palla,3871
3874,Chittagong,Noakhali,Chatkhil,Rezzakpur,3874
3881,Chittagong,Noakhali,Chatkhil,Sahapur,3881
3882,Chittagong,Noakhali,Chatkhil,Sampara,3882
3883,Chittagong,Noakhali,Chatkhil,Shingbahura,3883
3875,Chittagong,Noakhali,Chatkhil,Solla,3875
3891,Chittagong,Noakhali,Hatiya,Afazia,3891
3890,Chittagong,Noakhali,Hatiya,Hatiya,3890
3892,Chittagong,Noakhali,Hatiya,Tamoraddi,3892
3811,Chittagong,Noakhali,Noakhali Sadar,Chaprashir Hat,3811
3812,Chittagong,Noakhali,Noakhali Sadar,Char Jabbar,3812
3809,Chittagong,Noakhali,Noakhali Sadar,Charam Tua,3809
3803,Chittagong,Noakhali,Noakhali Sadar,Din Monir Hat,3803
3807,Chittagong,Noakhali,Noakhali Sadar,Kabirhat,3807
3808,Chittagong,Noakhali,Noakhali Sadar,Khalifar Hat,3808
3806,Chittagong,Noakhali,Noakhali Sadar,Mriddarhat,3806
3801,Chittagong,Noakhali,Noakhali Sadar,Noakhali College,3801
3800,Chittagong,Noakhali,Noakhali Sadar,Noakhali Sadar,3800
3804,Chittagong,Noakhali,Noakhali Sadar,Pak Kishoreganj,3804
3802,Chittagong,Noakhali,Noakhali Sadar,Sonapur,3802
3862,Chittagong,Noakhali,Senbag,Beezbag,3862
3864,Chittagong,Noakhali,Senbag,Chatarpaia,3864
3861,Chittagong,Noakhali,Senbag,Kallyandi,3861
3863,Chittagong,Noakhali,Senbag,Kankirhat,3863
3860,Chittagong,Noakhali,Senbag,Senbag,3860
3865,Chittagong,Noakhali,Senbag,T.P. Lamua,3865
4570,Chittagong,Rangamati,Barakal,Barakal,4570
4550,Chittagong,Rangamati,Bilaichhari,Bilaichhari,4550
4560,Chittagong,Rangamati,Jarachhari,Jarachhari,4560
4511,Chittagong,Rangamati,Kalampati,Betbunia,4511
4510,Chittagong,Rangamati,Kalampati,Kalampati,4510
4531,Chittagong,Rangamati,kaptai,Chandraghona,4531
4530,Chittagong,Rangamati,kaptai,Kaptai,4530
4533,Chittagong,Rangamati,kaptai,Kaptai Nuton Bazar,4533
4532,Chittagong,Rangamati,kaptai,Kaptai Project,4532
4580,Chittagong,Rangamati,Longachh,Longachh,4580
4590,Chittagong,Rangamati,Marishya,Marishya,4590
4520,Chittagong,Rangamati,Naniachhar,Nanichhar,4520
4540,Chittagong,Rangamati,Rajsthali,Rajsthali,4540
4500,Chittagong,Rangamati,Rangamati Sadar,Rangamati Sadar,4500
5270,Rangpur,Dinajpur,Bangla Hili,Bangla Hili,5270
5210,Rangpur,Dinajpur,Biral,Biral,5210
5266,Rangpur,Dinajpur,Mohakhali,Birampur,5266
5220,Rangpur,Dinajpur,Birganj,Birganj,5220
5240,Rangpur,Dinajpur,Chirirbandar,Chirirbandar,5240
5241,Rangpur,Dinajpur,Chirirbandar,Ranirbandar,5241
5201,Rangpur,Dinajpur,Dinajpur Sadar,Dinajpur Rajbari,5201
5200,Rangpur,Dinajpur,Dinajpur Sadar,Dinajpur Sadar,5200
5230,Rangpur,Dinajpur,Khansama,Khansama,5230
5231,Rangpur,Dinajpur,Khansama,Pakarhat,5231
5226,Rangpur,Dinajpur,Maharajganj,Maharajganj,5226
5281,Rangpur,Dinajpur,Nawabganj,Daudpur,5281
5282,Rangpur,Dinajpur,Nawabganj,Gopalpur,5282
5280,Rangpur,Dinajpur,Nawabganj,Nawabganj,5280
5291,Rangpur,Dinajpur,Ghoraghat,Ghoraghat,5291
5290,Rangpur,Dinajpur,Ghoraghat,Osmanpur,5290
5250,Rangpur,Dinajpur,Parbatipur,Parbatipur,5250
5260,Rangpur,Dinajpur,Phulbari,Phulbari,5260
5216,Rangpur,Dinajpur,Setabganj,Setabganj,5216
5750,Rangpur,Gaibandha,Bonarpara,Bonarpara,5750
5751,Rangpur,Gaibandha,Bonarpara,saghata,5751
5700,Rangpur,Gaibandha,Gaibandha Sadar,Gaibandha Sadar,5700
5740,Rangpur,Gaibandha,Gobindaganj,Gabindaganj,5740
5741,Rangpur,Gaibandha,Gobindaganj,Mahimaganj,5741
5730,Rangpur,Gaibandha,Palashbari,Palashbari,5730
5761,Rangpur,Gaibandha,Phulchhari,Bharatkhali,5761
5760,Rangpur,Gaibandha,Phulchhari,Phulchhari,5760
5711,Rangpur,Gaibandha,Saadullapur,Naldanga,5711
5710,Rangpur,Gaibandha,Saadullapur,Saadullapur,5710
5721,Rangpur,Gaibandha,Sundarganj,Bamandanga,5721
5720,Rangpur,Gaibandha,Sundarganj,Sundarganj,5720
5670,Rangpur,Kurigram,Bhurungamari,Bhurungamari,5670
5630,Rangpur,Kurigram,Chilmari,Chilmari,5630
5631,Rangpur,Kurigram,Chilmari,Jorgachh,5631
5600,Rangpur,Kurigram,Kurigram Sadar,Kurigram Sadar,5600
5601,Rangpur,Kurigram,Kurigram Sadar,Pandul,5601
5680,Rangpur,Kurigram,Kurigram Sadar,Phulbari,5680
5660,Rangpur,Kurigram,Nageshwar,Nageshwar,5660
5611,Rangpur,Kurigram,Rajarhat,Nazimkhan,5611
5650,Rangpur,Kurigram,Rajibpur,Rajibpur,5650
5640,Rangpur,Kurigram,Roumari,Roumari,5640
5621,Rangpur,Kurigram,Ulipur,Bozra hat,5621
5620,Rangpur,Kurigram,Ulipur,Ulipur,5620
5510,Rangpur,Lalmonirhat,Aditmari,Aditmari,5510
5530,Rangpur,Lalmonirhat,Hatibandha,Hatibandha,5530
5502,Rangpur,Lalmonirhat,Lalmonirhat Sadar,Kulaghat SO,5502
5500,Rangpur,Lalmonirhat,Lalmonirhat Sadar,Lalmonirhat Sadar,5500
5501,Rangpur,Lalmonirhat,Lalmonirhat Sadar,Moghalhat,5501
5541,Rangpur,Lalmonirhat,Patgram,Baura,5541
5542,Rangpur,Lalmonirhat,Patgram,Burimari,5542
5540,Rangpur,Lalmonirhat,Patgram,Patgram,5540
5520,Rangpur,Lalmonirhat,Tushbhandar,Tushbhandar,5520
5350,Rangpur,Nilphamari,Dimla,Dimla,5350
5351,Rangpur,Nilphamari,Dimla,Ghaga Kharibari,5351
5341,Rangpur,Nilphamari,Domar,Chilahati,5341
5340,Rangpur,Nilphamari,Domar,Domar,5340
5330,Rangpur,Nilphamari,Jaldhaka,Jaldhaka,5330
5320,Rangpur,Nilphamari,Kishoriganj,Kishoriganj,5320
5300,Rangpur,Nilphamari,Nilphamari Sadar,Nilphamari Sadar,5300
5301,Rangpur,Nilphamari,Nilphamari Sadar,Nilphamari Sugar Mil,5301
5310,Rangpur,Nilphamari,Saidpur,Saidpur,5310
5311,Rangpur,Nilphamari,Saidpur,Saidpur Upashahar,5311
5010,Rangpur,Panchagarh,Chotto Dab,Chotto Dab,5010
5041,Rangpur,Panchagarh,Chotto Dab,Mirzapur,5041
5020,Rangpur,Panchagarh,Dabiganj,Dabiganj,5020
5000,Rangpur,Panchagarh,Panchagra Sadar,Panchagar Sadar,5000
5030,Rangpur,Panchagarh,Tetulia,Tetulia,5030
5420,Rangpur,Rangpur,Taraganj,Taraganj,5420
5431,Rangpur,Rangpur,Badarganj,Shyampur,5431
5410,Rangpur,Rangpur,Gangachara,Gangachara,5410
5441,Rangpur,Rangpur,Kaunia,Haragachh,5441
5440,Rangpur,Rangpur,Kaunia,Kaunia,5440
5450,Rangpur,Rangpur,Pirgachha,Pirgachha,5450
5460,Rangpur,Rangpur,Mithapukur,Mithapukur,5460
5470,Rangpur,Rangpur,Pirganj,Pirganj,5470
5402,Rangpur,Rangpur,Rangpur Sadar,Alamnagar,5402
5403,Rangpur,Rangpur,Rangpur Sadar,Mahiganj,5403
5404,Rangpur,Rangpur,Rangpur Sadar,Rangpur Cadet Colleg,5404
5405,Rangpur,Rangpur,Rangpur Sadar,Rangpur Carmiecal Col,5405
5400,Rangpur,Rangpur,Rangpur Sadar,Rangpur Sadar,5400
5401,Rangpur,Rangpur,Rangpur Sadar,Rangpur Upa-Shahar,5401
5430,Rangpur,Rangpur,Badarganj,Badarganj,5430
5140,Rangpur,Thakurgaon,Baliadangi,Baliadangi,5140
5141,Rangpur,Thakurgaon,Baliadangi,Lahiri,5141
5130,Rangpur,Thakurgaon,Jibanpur,Jibanpur,5130
5110,Rangpur,Thakurgaon,Pirganj,Pirganj,5110
5121,Rangpur,Thakurgaon,Rani Sankail,Nekmarad,5121
5120,Rangpur,Thakurgaon,Rani Sankail,Rani Sankail,5120
5103,Rangpur,Thakurgaon,Thakurgaon Sadar,Ruhia,5103
5102,Rangpur,Thakurgaon,Thakurgaon Sadar,Shibganj,5102
5101,Rangpur,Thakurgaon,Thakurgaon Sadar,Thakurgaon Road,5101
5100,Rangpur,Thakurgaon,Thakurgaon Sadar,Thakurgaon Sadar,5100
5890,Rajshahi,Bogura,Adamdighi,Adamdighi,5890
5892,Rajshahi,Bogura,Adamdighi,Nasharatpur,5892
5891,Rajshahi,Bogura,Adamdighi,Santahar,5891
5801,Rajshahi,Bogura,Bogura Sadar,Bogura Canttonment,5801
5800,Rajshahi,Bogura,Bogura Sadar,Bogura Sadar,5800
5850,Rajshahi,Bogura,Dhunat,Dhunat,5850
5851,Rajshahi,Bogura,Dhunat,Gosaibari,5851
5880,Rajshahi,Bogura,Dupchachia,Dupchanchia,5880
5881,Rajshahi,Bogura,Dupchachia,Talora,5881
5820,Rajshahi,Bogura,Gabtoli,-,5820
5821,Rajshahi,Bogura,Gabtoli,Sukhanpukur,5821
5870,Rajshahi,Bogura,Kahalu,Kahalu,5870
5860,Rajshahi,Bogura,Nandigram,Nandigram,5860
5831,Rajshahi,Bogura,Sariakandi,Chandan Baisha,5831
5830,Rajshahi,Bogura,Sariakandi,Sariakandi,5830
5841,Rajshahi,Bogura,Sherpur,Chandaikona,5841
5842,Rajshahi,Bogura,Sherpur,Palli Unnyan Accadem,5842
5840,Rajshahi,Bogura,Sherpur,Sherpur,5840
5810,Rajshahi,Bogura,Shibganj,Shibganj,5810
5826,Rajshahi,Bogura,Sonatola,Sonatola,5826
6330,Rajshahi,Chapai Nawabganj,Bholahat,Bholahat,6330
6303,Rajshahi,Chapai Nawabganj,Chapai Nawabganj Sadar,Amnura,6303
6300,Rajshahi,Chapai Nawabganj,Chapai Nawabganj Sadar,Chapai Nawabganj Sadar,6300
6301,Rajshahi,Chapai Nawabganj,Chapai Nawabganj Sadar,Rajarampur,6301
6302,Rajshahi,Chapai Nawabganj,Chapai Nawabganj Sadar,Ramchandarpur,6302
6311,Rajshahi,Chapai Nawabganj,Nachol,Mandumala,6311
6310,Rajshahi,Chapai Nawabganj,Nachol,Nachol,6310
6321,Rajshahi,Chapai Nawabganj,Rohanpur,Gomashtapur,6321
6320,Rajshahi,Chapai Nawabganj,Rohanpur,Rohanpur,6320
6341,Rajshahi,Chapai Nawabganj,Shibganj U.P.O,Kansart,6341
6342,Rajshahi,Chapai Nawabganj,Shibganj U.P.O,Manaksha,6342
6340,Rajshahi,Chapai Nawabganj,Shibganj U.P.O,Shibganj U.P.O,6340
5940,Rajshahi,Joypurhat,Akkelpur,Akklepur,5940
5941,Rajshahi,Joypurhat,Akkelpur,jamalganj,5941
5942,Rajshahi,Joypurhat,Akkelpur,Tilakpur,5942
5900,Rajshahi,Joypurhat,Joypurhat Sadar,Joypurhat Sadar,5900
5930,Rajshahi,Joypurhat,kalai,kalai,5930
5920,Rajshahi,Joypurhat,Khetlal,Khetlal,5920
5910,Rajshahi,Joypurhat,panchbibi,Panchbibi,5910
6596,Rajshahi,Naogaon,Ahsanganj,Ahsanganj,6596
6597,Rajshahi,Naogaon,Ahsanganj,Bandai,6597
6570,Rajshahi,Naogaon,Badalgachhi,Badalgachhi,6570
6580,Rajshahi,Naogaon,Dhamuirhat,Dhamuirhat,6580
6530,Rajshahi,Naogaon,Mahadebpur,Mahadebpur,6530
6500,Rajshahi,Naogaon,Naogaon Sadar,Naogaon Sadar,6500
6520,Rajshahi,Naogaon,Niamatpur,Niamatpur,6520
6550,Rajshahi,Naogaon,Nitpur,Nitpur,6550
6552,Rajshahi,Naogaon,Nitpur,Panguria,6552
6551,Rajshahi,Naogaon,Nitpur,Porsa,6551
6540,Rajshahi,Naogaon,Sapahar,Patnitala,6540
6512,Rajshahi,Naogaon,Prasadpur,Balihar,6512
6511,Rajshahi,Naogaon,Prasadpur,Manda,6511
6510,Rajshahi,Naogaon,Prasadpur,Prasadpur,6510
6591,Rajshahi,Naogaon,Raninagar,Kashimpur,6591
6590,Rajshahi,Naogaon,Raninagar,Raninagar,6590
6561,Rajshahi,Naogaon,Sapahar,Moduhil,6561
6560,Rajshahi,Naogaon,Sapahar,Sapahar,6560
6422,Rajshahi,Natore,Gopalpur UPO,Abdulpur,6422
6420,Rajshahi,Natore,Gopalpur UPO,Gopalpur U.P.O,6420
6421,Rajshahi,Natore,Gopalpur UPO,Lalpur S.O,6421
6432,Rajshahi,Natore,Harua,Baraigram,6432
6431,Rajshahi,Natore,Harua,Dayarampur,6431
6430,Rajshahi,Natore,Harua,Harua,6430
6440,Rajshahi,Natore,Hatgurudaspur,Hatgurudaspur,6440
6410,Rajshahi,Natore,Laxman,Laxman,6410
6402,Rajshahi,Natore,Natore Sadar,Baiddyabal Gharia,6402
6401,Rajshahi,Natore,Natore Sadar,Digapatia,6401
6403,Rajshahi,Natore,Natore Sadar,Madhnagar,6403
6400,Rajshahi,Natore,Natore Sadar,Natore Sadar,6400
6450,Rajshahi,Natore,Singra,Singra,6450
6650,Rajshahi,Pabna,Banwarinagar,Banwarinagar,6650
6680,Rajshahi,Pabna,Bera,Bera,6680
6682,Rajshahi,Pabna,Bera,Kashinathpur,6682
6681,Rajshahi,Pabna,Bera,Nakalia,6681
6683,Rajshahi,Pabna,Bera,Puran Bharenga,6683
6640,Rajshahi,Pabna,Bhangura,Bhangura,6640
6630,Rajshahi,Pabna,Chatmohar,Chatmohar,6630
6610,Rajshahi,Pabna,Atghoria,Atghoria,6610
6621,Rajshahi,Pabna,Ishwardi,Dhapari,6621
6620,Rajshahi,Pabna,Ishwardi,Ishwardi,6620
6622,Rajshahi,Pabna,Ishwardi,Pakshi,6622
6623,Rajshahi,Pabna,Ishwardi,Rajapur,6623
6602,Rajshahi,Pabna,Pabna Sadar,Hamayetpur,6602
6601,Rajshahi,Pabna,Pabna Sadar,Kaliko Cotton Mills,6601
6600,Rajshahi,Pabna,Pabna Sadar,Pabna Sadar,6600
6670,Rajshahi,Pabna,Sathia,Sathia,6670
6661,Rajshahi,Pabna,Sujanagar,Sagarkandi,6661
6660,Rajshahi,Pabna,Sujanagar,Sujanagar,6660
6281,Rajshahi,Rajshahi,Bagha,Arani,6281
6280,Rajshahi,Rajshahi,Bagha,Bagha,6280
6250,Rajshahi,Rajshahi,Bagmara,Bhabaniganj,6250
6251,Rajshahi,Rajshahi,Bagmara,Taharpur,6251
6270,Rajshahi,Rajshahi,Charghat,Charghat,6270
6271,Rajshahi,Rajshahi,Charghat,Sarda,6271
6240,Rajshahi,Rajshahi,Durgapur,Durgapur,6240
6290,Rajshahi,Rajshahi,Godagari,Godagari,6290
6291,Rajshahi,Rajshahi,Godagari,Premtoli,6291
6220,Rajshahi,Rajshahi,Khod Mohanpur,Khodmohanpur,6220
6210,Rajshahi,Rajshahi,Lalitganj,Lalitganj,6210
6211,Rajshahi,Rajshahi,Lalitganj,Rajshahi Sugar Mills,6211
6212,Rajshahi,Rajshahi,Lalitganj,Shyampur,6212
6260,Rajshahi,Rajshahi,Putia,Putia,6260
6206,Rajshahi,Rajshahi,Rajshahi Sadar,Binodpur Bazar,6206
6100,Rajshahi,Rajshahi,Rajshahi Sadar,Ghuramara,6100
6204,Rajshahi,Rajshahi,Rajshahi Sadar,Kazla,6204
6202,Rajshahi,Rajshahi,Rajshahi Sadar,Rajshahi Canttonment,6202
6201,Rajshahi,Rajshahi,Rajshahi Sadar,Rajshahi Court,6201
6000,Rajshahi,Rajshahi,Rajshahi Sadar,Rajshahi Sadar,6000
6205,Rajshahi,Rajshahi,Rajshahi Sadar,Rajshahi University,6205
6203,Rajshahi,Rajshahi,Rajshahi Sadar,Sapura,6203
6230,Rajshahi,Rajshahi,Tanor,Tanor,6230
6730,Rajshahi,Sirajganj,Baiddya Jam Toil,Baiddya Jam Toil,6730
6740,Rajshahi,Sirajganj,Belkuchi,Belkuchi,6740
6751,Rajshahi,Sirajganj,Belkuchi,Enayetpur,6751
6742,Rajshahi,Sirajganj,Belkuchi,Rajapur,6742
6741,Rajshahi,Sirajganj,Belkuchi,Sohagpur,6741
6752,Rajshahi,Sirajganj,Belkuchi,Sthal,6752
6720,Rajshahi,Sirajganj,Dhangora,Dhangora,6720
6721,Rajshahi,Sirajganj,Dhangora,Malonga,6721
6712,Rajshahi,Sirajganj,Kazipur,Gandail,6712
6710,Rajshahi,Sirajganj,Kazipur,Kazipur,6710
6711,Rajshahi,Sirajganj,Kazipur,Shuvgachha,6711
6772,Rajshahi,Sirajganj,Shahjadpur,Jamirta,6772
6773,Rajshahi,Sirajganj,Shahjadpur,Kaijuri,6773
6771,Rajshahi,Sirajganj,Shahjadpur,Porjana,6771
6770,Rajshahi,Sirajganj,Shahjadpur,Shahjadpur,6770
6701,Rajshahi,Sirajganj,Sirajganj Sadar,Raipur,6701
6702,Rajshahi,Sirajganj,Sirajganj Sadar,Rashidabad,6702
6700,Rajshahi,Sirajganj,Sirajganj Sadar,Sirajganj Sadar,6700
6780,Rajshahi,Sirajganj,Tarash,Tarash,6780
6762,Rajshahi,Sirajganj,Ullapara,Lahiri Mohanpur,6762
6763,Rajshahi,Sirajganj,Ullapara,Salap,6763
6760,Rajshahi,Sirajganj,Ullapara,Ullapara,6760
6761,Rajshahi,Sirajganj,Ullapara,Ullapara R.S,6761
8710,Barisal,Barguna,Amtali,Amtali,8710
8730,Barisal,Barguna,Bamna,Bamna,8730
8700,Barisal,Barguna,Barguna Sadar,Barguna Sadar,8700
8701,Barisal,Barguna,Barguna Sadar,Nali Bandar,8701
8740,Barisal,Barguna,Betagi,Betagi,8740
8741,Barisal,Barguna,Betagi,Darul Ulam,8741
8721,Barisal,Barguna,Patharghata,Kakchira,8721
8720,Barisal,Barguna,Patharghata,Patharghata,8720
8240,Barisal,Barisal,Agailzhara,Agailzhara,8240
8241,Barisal,Barisal,Agailzhara,Gaila,8241
8242,Barisal,Barisal,Agailzhara,Paisarhat,8242
8210,Barisal,Barisal,Babuganj,Babuganj,8210
8216,Barisal,Barisal,Babuganj,Barishal Cadet,8216
8212,Barisal,Barisal,Babuganj,Chandpasha,8212
8213,Barisal,Barisal,Babuganj,Madhabpasha,8213
8215,Barisal,Barisal,Babuganj,Nizamuddin College,8215
8211,Barisal,Barisal,Babuganj,Rahamatpur,8211
8214,Barisal,Barisal,Babuganj,Thakur Mallik,8214
8260,Barisal,Barisal,Barajalia,Barajalia,8260
8261,Barisal,Barisal,Barajalia,Osman Manjil,8261
8200,Barisal,Barisal,Barishal Sadar,Chandramohon,8200
8201,Barisal,Barisal,Barishal Sadar,Bukhainagar,8201
8206,Barisal,Barisal,Barishal Sadar,Jaguarhat,8206
8205,Barisal,Barisal,Barishal Sadar,Kashipur,8205
8204,Barisal,Barisal,Barishal Sadar,Patang,8204
8202,Barisal,Barisal,Barishal Sadar,Saheberhat,8202
8203,Barisal,Barisal,Barishal Sadar,Sugandia,8203
8233,Barisal,Barisal,Gouranadi,Batajor,8233
8230,Barisal,Barisal,Gouranadi,Gouranadi,8230
8232,Barisal,Barisal,Gouranadi,Kashemabad,8232
8231,Barisal,Barisal,Gouranadi,Tarki Bandar,8231
8274,Barisal,Barisal,Mahendiganj,Langutia,8274
8271,Barisal,Barisal,Mahendiganj,Laskarpur,8271
8270,Barisal,Barisal,Mahendiganj,Mahendiganj,8270
8273,Barisal,Barisal,Mahendiganj,Nalgora,8273
8272,Barisal,Barisal,Mahendiganj,Ulania,8272
8252,Barisal,Barisal,Muladi,Charkalekhan,8252
8251,Barisal,Barisal,Muladi,Kazirchar,8251
8250,Barisal,Barisal,Muladi,Muladi,8250
8281,Barisal,Barisal,Bakerganj,Charamandi,8281
8284,Barisal,Barisal,Bakerganj,kalaskati,8284
8282,Barisal,Barisal,Bakerganj,Padri Shibpur,8282
8280,Barisal,Barisal,Bakerganj,Luxmibardhan,8280
8283,Barisal,Barisal,Bakerganj,Shialguni,8283
8223,Barisal,Barisal,Uzirpur,Dakuarhat,8223
8221,Barisal,Barisal,Uzirpur,Dhamura,8221
8222,Barisal,Barisal,Uzirpur,Jugirkanda,8222
8224,Barisal,Barisal,Uzirpur,Shikarpur,8224
8220,Barisal,Barisal,Uzirpur,Uzirpur,8220
8300,Barisal,Bhola,Bhola Sadar,Bhola Sadar,8300
8301,Barisal,Bhola,Bhola Sadar,Joynagar,8301
8320,Barisal,Bhola,Borhanuddin UPO,Borhanuddin UPO,8320
8321,Barisal,Bhola,Borhanuddin UPO,Mirzakalu,8321
8340,Barisal,Bhola,Charfashion,Charfashion,8340
8341,Barisal,Bhola,Charfashion,Dularhat,8341
8342,Barisal,Bhola,Charfashion,Keramatganj,8342
8310,Barisal,Bhola,Doulatkhan,Doulatkhan,8310
8311,Barisal,Bhola,Doulatkhan,Hajipur,8311
8360,Barisal,Bhola,Hajirhat,Hajirhat,8360
8350,Barisal,Bhola,Hatshoshiganj,Hatshoshiganj,8350
8331,Barisal,Bhola,Lalmohan UPO,Daurihat,8331
8332,Barisal,Bhola,Lalmohan UPO,Gajaria,8332
8330,Barisal,Bhola,Lalmohan UPO,Lalmohan UPO,8330
8402,Barisal,Jhalokati,Jhalokati Sadar,Baukathi,8402
8403,Barisal,Jhalokati,Jhalokati Sadar,Gabha,8403
8400,Barisal,Jhalokati,Jhalokati Sadar,Jhalokati Sadar,8400
8401,Barisal,Jhalokati,Jhalokati Sadar,Nabagram,8401
8404,Barisal,Jhalokati,Jhalokati Sadar,Shekherhat,8404
8431,Barisal,Jhalokati,Kathalia,Amua,8431
8430,Barisal,Jhalokati,Kathalia,Kathalia,8430
8432,Barisal,Jhalokati,Kathalia,Niamatee,8432
8433,Barisal,Jhalokati,Kathalia,Shoulajalia,8433
8421,Barisal,Jhalokati,Nalchhiti,Beerkathi,8421
8420,Barisal,Jhalokati,Nalchhiti,Nalchhiti,8420
8410,Barisal,Jhalokati,Rajapur,Rajapur,8410
8621,Barisal,Patuakhali,Bauphal,Bagabandar,8621
8620,Barisal,Patuakhali,Bauphal,Bauphal,8620
8622,Barisal,Patuakhali,Bauphal,Birpasha,8622
8624,Barisal,Patuakhali,Bauphal,Kalaia,8624
8623,Barisal,Patuakhali,Bauphal,Kalishari,8623
8630,Barisal,Patuakhali,Dashmina,Dashmina,8630
8640,Barisal,Patuakhali,Galachipa,Galachipa,8640
8641,Barisal,Patuakhali,Galachipa,Gazipur Bandar,8641
8650,Barisal,Patuakhali,Khepupara,Khepupara,8650
8651,Barisal,Patuakhali,Khepupara,Mahipur,8651
8602,Barisal,Patuakhali,Patuakhali Sadar,Dumkee,8602
8601,Barisal,Patuakhali,Patuakhali Sadar,Moukaran,8601
8600,Barisal,Patuakhali,Patuakhali Sadar,Patuakhali Sadar,8600
8603,Barisal,Patuakhali,Patuakhali Sadar,Rahimabad,8603
8610,Barisal,Patuakhali,Subidkhali,Subidkhali,8610
8530,Barisal,Pirojpur,Banaripara,Banaripara,8530
8531,Barisal,Pirojpur,Banaripara,Chakhar,8531
8550,Barisal,Pirojpur,Bhandaria,Bhandaria,8550
8552,Barisal,Pirojpur,Bhandaria,Dhaoa,8552
8551,Barisal,Pirojpur,Bhandaria,Kanudashkathi,8551
8513,Barisal,Pirojpur,kaukhali,Jolagati,8513
8512,Barisal,Pirojpur,kaukhali,Joykul,8512
8510,Barisal,Pirojpur,kaukhali,Kaukhali,8510
8511,Barisal,Pirojpur,kaukhali,Keundia,8511
8565,Barisal,Pirojpur,Mathbaria,Betmor Natun Hat,8565
8563,Barisal,Pirojpur,Mathbaria,Gulishakhali,8563
8562,Barisal,Pirojpur,Mathbaria,Halta,8562
8560,Barisal,Pirojpur,Mathbaria,Mathbaria,8560
8566,Barisal,Pirojpur,Mathbaria,Shilarganj,8566
8564,Barisal,Pirojpur,Mathbaria,Tiarkhali,8564
8561,Barisal,Pirojpur,Mathbaria,Tushkhali,8561
8540,Barisal,Pirojpur,Nazirpur,Nazirpur,8540
8541,Barisal,Pirojpur,Nazirpur,Sriramkathi,8541
8501,Barisal,Pirojpur,Pirojpur Sadar,Hularhat,8501
8502,Barisal,Pirojpur,Pirojpur Sadar,Parerhat,8502
8500,Barisal,Pirojpur,Pirojpur Sadar,Pirojpur Sadar,8500
8521,Barisal,Pirojpur,Swarupkathi,Darus Sunnat,8521
8523,Barisal,Pirojpur,Swarupkathi,Jalabari,8523
8522,Barisal,Pirojpur,Swarupkathi,Kaurikhara,8522
8520,Barisal,Pirojpur,Swarupkathi,Swarupkathi,8520
9300,Khulna,Bagerhat,Bagerhat Sadar,Bagerhat Sadar,9300
9301,Khulna,Bagerhat,Bagerhat Sadar,P.C College,9301
9302,Khulna,Bagerhat,Bagerhat Sadar,Rangdia,9302
9350,Khulna,Bagerhat,Chalna Ankorage,Chalna Ankorage,9350
9351,Khulna,Bagerhat,Chalna Ankorage,Mongla Port,9351
9361,Khulna,Bagerhat,Chitalmari,Barabaria,9361
9360,Khulna,Bagerhat,Chitalmari,Chitalmari,9360
9372,Khulna,Bagerhat,Fakirhat,Bhanganpar Bazar,9372
9370,Khulna,Bagerhat,Fakirhat,Fakirhat,9370
9371,Khulna,Bagerhat,Fakirhat,Mansa,9371
9310,Khulna,Bagerhat,Kachua,Kachua,9310
9311,Khulna,Bagerhat,Kachua,Sonarkola,9311
9383,Khulna,Bagerhat,Mollahat,Charkulia,9383
9382,Khulna,Bagerhat,Mollahat,Dariala,9382
9381,Khulna,Bagerhat,Mollahat,Kahalpur,9381
9380,Khulna,Bagerhat,Mollahat,Mollahat,9380
9384,Khulna,Bagerhat,Mollahat,Nagarkandi,9384
9385,Khulna,Bagerhat,Mollahat,Pak Gangni,9385
9320,Khulna,Bagerhat,Morelganj,Morelganj,9320
9321,Khulna,Bagerhat,Morelganj,Sannasi Bazar,9321
9322,Khulna,Bagerhat,Morelganj,Teligatee,9322
9341,Khulna,Bagerhat,Rampal,Foylahat,9341
9343,Khulna,Bagerhat,Rampal,Gourambha,9343
9340,Khulna,Bagerhat,Rampal,Rampal,9340
9342,Khulna,Bagerhat,Rampal,Sonatunia,9342
9330,Khulna,Bagerhat,Rayenda,Rayenda,9330
7210,Khulna,Chuadanga,Alamdanga,Alamdanga,7210
7211,Khulna,Chuadanga,Alamdanga,Hardi,7211
7200,Khulna,Chuadanga,Chuadanga Sadar,Chuadanga Sadar,7200
7201,Khulna,Chuadanga,Chuadanga Sadar,Munshiganj,7201
7222,Khulna,Chuadanga,Damurhuda,Andulbaria,7222
7220,Khulna,Chuadanga,Damurhuda,Damurhuda,7220
7221,Khulna,Chuadanga,Damurhuda,Darshana,7221
7230,Khulna,Chuadanga,Doulatganj,Doulatganj,7230
7470,Khulna,Jashore,Bagharpara,Bagharpara,7470
7471,Khulna,Jashore,Bagharpara,Gouranagar,7471
7410,Khulna,Jashore,Chaugachha,Chougachha,7410
7406,Khulna,Jashore,Jashore Sadar,Basundia,7406
7402,Khulna,Jashore,Jashore Sadar,Chanchra,7402
7407,Khulna,Jashore,Jashore Sadar,Churamankathi,7407
7404,Khulna,Jashore,Jashore Sadar,Jashore Airbach,7404
7403,Khulna,Jashore,Jashore Sadar,Jashore canttonment,7403
7400,Khulna,Jashore,Jashore Sadar,Jashore Sadar,7400
7401,Khulna,Jashore,Jashore Sadar,Jashore Upa-Shahar,7401
7405,Khulna,Jashore,Jashore Sadar,Rupdia,7405
7420,Khulna,Jashore,Jhikargachha,Jhikargachha,7420
7450,Khulna,Jashore,Keshabpur,Keshobpur,7450
7440,Khulna,Jashore,Monirampur,Monirampur,7440
7462,Khulna,Jashore,Noapara,Bhugilhat,7462
7460,Khulna,Jashore,Noapara,Noapara,7460
7461,Khulna,Jashore,Noapara,Rajghat,7461
7433,Khulna,Jashore,Sarsa,Bag Achra,7433
7431,Khulna,Jashore,Sarsa,Benapole,7431
7432,Khulna,Jashore,Sarsa,Jadabpur,7432
7430,Khulna,Jashore,Sarsa,Sarsa,7430
7310,Khulna,Jhenaidah,Harinakundu,Harinakundu,7310
7301,Khulna,Jhenaidah,Jhenaidah Sadar,Jhenaidah Cadet College,7301
7300,Khulna,Jhenaidah,Jhenaidah Sadar,Jhenaidah Sadar,7300
7330,Khulna,Jhenaidah,Kotchandpur,Kotchandpur,7330
7340,Khulna,Jhenaidah,Maheshpur,Maheshpur,7340
7351,Khulna,Jhenaidah,Naldanga,Hatbar Bazar,7351
7350,Khulna,Jhenaidah,Naldanga,Naldanga,7350
7321,Khulna,Jhenaidah,Shailakupa,Kumiradaha,7321
7320,Khulna,Jhenaidah,Shailakupa,Shailakupa,7320
9240,Khulna,Khulna,Alaipur,Rupsha,9240
9242,Khulna,Khulna,Alaipur,Belphulia,9242
9241,Khulna,Khulna,Alaipur,Rupsha,9241
9260,Khulna,Khulna,Batiaghat,Batiaghat,9260
9261,Khulna,Khulna,Batiaghat,Surkalee,9261
9272,Khulna,Khulna,Chalna Bazar,Bajua,9272
9270,Khulna,Khulna,Chalna Bazar,Chalna Bazar,9270
9271,Khulna,Khulna,Chalna Bazar,Dakup,9271
9273,Khulna,Khulna,Chalna Bazar,Nalian,9273
9221,Khulna,Khulna,Digalia,Chandni Mahal,9221
9220,Khulna,Khulna,Digalia,Digalia,9220
9224,Khulna,Khulna,Digalia,Gazirhat,9224
9223,Khulna,Khulna,Digalia,Ghoshghati,9223
9222,Khulna,Khulna,Digalia,Senhati,9222
9207,Khulna,Khulna,Khulna Sadar,Atra Shilpa Area,9207
9203,Khulna,Khulna,Khulna Sadar,BIT Khulna,9203
9202,Khulna,Khulna,Khulna Sadar,Doulatpur,9202
9205,Khulna,Khulna,Khulna Sadar,Jahanabad Canttonmen,9205
9100,Khulna,Khulna,Khulna Sadar,Khula Sadar,9100
9000,Khulna,Khulna,Khulna Sadar,Khulna G.P.O,9000
9201,Khulna,Khulna,Khulna Sadar,Khulna Shipyard,9201
9208,Khulna,Khulna,Khulna Sadar,Khulna University,9208
9204,Khulna,Khulna,Khulna Sadar,Siramani,9204
9206,Khulna,Khulna,Khulna Sadar,Sonali Jute Mills,9206
9291,Khulna,Khulna,Koyra,Amadee,9291
9290,Khulna,Khulna,Koyra,Koyra,9290
9284,Khulna,Khulna,Paikgachha,Chandkhali,9284
9285,Khulna,Khulna,Paikgachha,Garaikhali,9285
9281,Khulna,Khulna,Paikgachha,Godaipur,9281
9282,Khulna,Khulna,Paikgachha,Kapilmoni,9282
9283,Khulna,Khulna,Paikgachha,Katipara,9283
9280,Khulna,Khulna,Paikgachha,Paikgachha,9280
9210,Khulna,Khulna,Phultala,Phultala,9210
9252,Khulna,Khulna,Sajiara,Chuknagar,9252
9251,Khulna,Khulna,Sajiara,Ghonabanda,9251
9250,Khulna,Khulna,Sajiara,Sajiara,9250
9253,Khulna,Khulna,Sajiara,Shahapur,9253
9231,Khulna,Khulna,Terakhada,Pak Barasat,9231
9230,Khulna,Khulna,Terakhada,Terakhada,9230
7042,Khulna,Kushtia,Bheramara,Allardarga,7042
7040,Khulna,Kushtia,Bheramara,Bheramara,7040
7041,Khulna,Kushtia,Bheramara,Ganges Bheramara,7041
7020,Khulna,Kushtia,Janipur,Janipur,7020
7021,Khulna,Kushtia,Janipur,Khoksa,7021
7010,Khulna,Kushtia,Kumarkhali,Kumarkhali,7010
7011,Khulna,Kushtia,Kumarkhali,Panti,7011
7003,Khulna,Kushtia,Kushtia Sadar,Islami University,7003
7002,Khulna,Kushtia,Kushtia Sadar,Jagati,7002
7001,Khulna,Kushtia,Kushtia Sadar,Kushtia Mohini,7001
7000,Khulna,Kushtia,Kushtia Sadar,Kushtia Sadar,7000
7032,Khulna,Kushtia,Mirpur,Amla Sadarpur,7032
7030,Khulna,Kushtia,Mirpur,Mirpur,7030
7031,Khulna,Kushtia,Mirpur,Poradaha,7031
7052,Khulna,Kushtia,Rafayetpur,Khasmathurapur,7052
7050,Khulna,Kushtia,Rafayetpur,Doulatpur,7050
7051,Khulna,Kushtia,Rafayetpur,Taragunia,7051
7620,Khulna,Magura,Arpara,Arpara,7620
7600,Khulna,Magura,Magura Sadar,Magura Sadar,7600
7631,Khulna,Magura,Mohammadpur,Binodpur,7631
7630,Khulna,Magura,Mohammadpur,Mohammadpur,7630
7632,Khulna,Magura,Mohammadpur,Nahata,7632
7611,Khulna,Magura,Sreepur,Langalbadh,7611
7612,Khulna,Magura,Sreepur,Nachol,7612
7610,Khulna,Magura,Sreepur,Tengra,7610
7110,Khulna,Meherpur,Gangni,Gangni,7110
7101,Khulna,Meherpur,Meherpur Sadar,Amjhupi,7101
7152,Khulna,Meherpur,Meherpur Sadar,Amjhupi,7152
7100,Khulna,Meherpur,Meherpur Sadar,Meherpur Sadar,7100
7102,Khulna,Meherpur,Meherpur Sadar,Mujib Nagar Complex,7102
7520,Khulna,Narail,Kalia,Kalia,7520
7514,Khulna,Narail,Laxmipasha,Baradia,7514
7512,Khulna,Narail,Laxmipasha,Itna,7512
7510,Khulna,Narail,Laxmipasha,Laxmipasha,7510
7511,Khulna,Narail,Laxmipasha,Lohagora,7511
7513,Khulna,Narail,Laxmipasha,Naldi,7513
7521,Khulna,Narail,Kalia,Mohajan,7521
7500,Khulna,Narail,Narail Sadar,Narail Sadar,7500
7501,Khulna,Narail,Narail Sadar,Ratanganj,7501
9460,Khulna,Satkhira,Ashashuni,Ashashuni,9460
9461,Khulna,Satkhira,Ashashuni,Baradal,9461
9430,Khulna,Satkhira,Debbhata,Debbhata,9430
9431,Khulna,Satkhira,Debbhata,Gurugram,9431
9415,Khulna,Satkhira,kalaroa,Chandanpur,9415
9413,Khulna,Satkhira,kalaroa,Hamidpur,9413
9412,Khulna,Satkhira,kalaroa,Jhaudanga,9412
9410,Khulna,Satkhira,kalaroa,Murarikati,9410
9414,Khulna,Satkhira,kalaroa,Khordo,9414
9440,Khulna,Satkhira,Kaliganj,Kaliganj,9440
9441,Khulna,Satkhira,Kaliganj,Nalta Mubaroknagar,9441
9442,Khulna,Satkhira,Kaliganj,Ratanpur,9442
9453,Khulna,Satkhira,Nakipur,Buri Goalini,9453
9454,Khulna,Satkhira,Nakipur,Gabura,9454
9455,Khulna,Satkhira,Nakipur,Habinagar,9455
9450,Khulna,Satkhira,Nakipur,Nakipur,9450
9452,Khulna,Satkhira,Nakipur,Naobeki,9452
9451,Khulna,Satkhira,Nakipur,Noornagar,9451
9403,Khulna,Satkhira,Satkhira Sadar,Budhhat,9403
9402,Khulna,Satkhira,Satkhira Sadar,Gunakar kati,9402
9401,Khulna,Satkhira,Satkhira Sadar,Satkhira Islamia Acc,9401
9400,Khulna,Satkhira,Satkhira Sadar,Satkhira Sadar,9400
9421,Khulna,Satkhira,Taala,Patkelghata,9421
9420,Khulna,Satkhira,Taala,Taala,9420
1360,Dhaka,Dhaka,Demra,Demra,1360
1362,Dhaka,Dhaka,Demra,Matuail,1362
1361,Dhaka,Dhaka,Demra,Sarulia,1361
1351,Dhaka,Dhaka,Dhamrai,Kamalpur,1351
1330,Dhaka,Dhaka,Joypara,Joypara,1330
2031,Mymensingh,Jamalpur,Dewangonj,Dewangonj S. Mills,2031
4600,Chittagong,Bandarban,Bandarban Sadar,Bandarban Sadar,4600
9411,Khulna,Satkhira,kalaroa,Murarikathi,9411
5610,Rangpur,Kurigram,Rajarhat,Rajarhat,5610
5040,Rangpur,Panchagarh,Chotto Dab,Chotto Dab,5040
