postcode,division,district,thana,suboffice,postcode_bn
1206,ঢাকা,ঢাকা,ঢাকা সেনানিবাস,ঢাকা সেনানিবাস টিএসও,১২০৬
1350,ঢাকা,ঢাকা,ধামরাই,ধামরাই,১৩৫০
1209,ঢাকা,ঢাকা,ধানমন্ডি,জিগাতলা টিএসও,১২০৯
1213,ঢাকা,ঢাকা,গুলশান,বনানী টিএসও,১২১৩
1212,ঢাকা,ঢাকা,গুলশান,গুলশান মডেল টাউন,১২১২
1236,ঢাকা,ঢাকা,যাত্রাবাড়ী,দনিয়া,১২৩৬
1331,ঢাকা,ঢাকা,জয়পাড়া,পালামগঞ্জ,১৩৩১
1332,ঢাকা,ঢাকা,জয়পাড়া,নারিশা,১৩৩২
1312,ঢাকা,ঢাকা,কেরানীগঞ্জ,আটি,১৩১২
1311,ঢাকা,ঢাকা,কেরানীগঞ্জ,ঢাকা পাট কল,১৩১১
1313,ঢাকা,ঢাকা,কেরানীগঞ্জ,কালাটিয়া,১৩১৩
1310,ঢাকা,ঢাকা,কেরানীগঞ্জ,কেরানীগঞ্জ,১৩১০
1219,ঢাকা,ঢাকা,খিলগাঁও,খিলগাঁও টিএসও,১২১৯
1229,ঢাকা,ঢাকা,খিলক্ষেত,খিলক্ষেত টিএসও,১২২৯
1211,ঢাকা,ঢাকা,লালবাগ,পোস্তা টিএসও,১২১১
1216,ঢাকা,ঢাকা,মিরপুর,মিরপুর টিএসও,১২১৬
1207,ঢাকা,ঢাকা,মোহাম্মদপুর,মোহাম্মদপুর হাউজিং,১২০৭
1225,ঢাকা,ঢাকা,শের এ বাংলা নগর,সংসদ ভবন টিএসও,১২২৫
1222,ঢাকা,ঢাকা,মতিঝিল,বঙ্গভবন টিএসও,১২২২
1223,ঢাকা,ঢাকা,মতিঝিল,দিলকুশা টিএসও,১২২৩
1323,ঢাকা,ঢাকা,নবাবগঞ্জ,আগলা,১৩২৩
1325,ঢাকা,ঢাকা,নবাবগঞ্জ,চুরাইন,১৩২৫
1322,ঢাকা,ঢাকা,নবাবগঞ্জ,দাউদপুর,১৩২২
1321,ঢাকা,ঢাকা,নবাবগঞ্জ,হাসনাবাদ,১৩২১
1324,ঢাকা,ঢাকা,নবাবগঞ্জ,খালপাড়,১৩২৪
1320,ঢাকা,ঢাকা,নবাবগঞ্জ,নবাবগঞ্জ,১৩২০
1205,ঢাকা,ঢাকা,নিউমার্কেট,নিউমার্কেট টিএসও,১২০৫
1000,ঢাকা,ঢাকা,পল্টন,ঢাকা জিপিও,১০০০
1217,ঢাকা,ঢাকা,রমনা,শান্তিনগর টিএসও,১২১৭
1214,ঢাকা,ঢাকা,সবুজবাগ,বাসাবো টিএসও,১২১৪
1348,ঢাকা,ঢাকা,সাভার,আমিন বাজার,১৩৪৮
1341,ঢাকা,ঢাকা,সাভার,ডেইরি ফার্ম,১৩৪১
1349,ঢাকা,ঢাকা,সাভার,ইপিজেড,১৩৪৯
1342,ঢাকা,ঢাকা,সাভার,জাহাঙ্গীরনগর বিশ্ববিদ্যালয়,১৩৪২
1346,ঢাকা,ঢাকা,সাভার,কাশেম কটন মিলস,১৩৪৬
1347,ঢাকা,ঢাকা,সাভার,রাজফুলবাড়ীয়া,১৩৪৭
1340,ঢাকা,ঢাকা,সাভার,সাভার,১৩৪০
1344,ঢাকা,ঢাকা,সাভার,সাভার সেনানিবাস,১৩৪৪
1343,ঢাকা,ঢাকা,সাভার,সাভার পিএটিসি,১৩৪৩
1345,ঢাকা,ঢাকা,সাভার,শিমুলিয়া,১৩৪৫
1100,ঢাকা,ঢাকা,সূত্রাপুর,ঢাকা সদর HO,১১০০
1204,ঢাকা,ঢাকা,সূত্রাপুর,গেন্ডারিয়া টিএসও,১২০৪
1203,ঢাকা,ঢাকা,সূত্রাপুর,ওয়ারী টিএসও,১২০৩
1215,ঢাকা,ঢাকা,তেজগাঁও,তেজগাঁও টিএসও,১২১৫
1208,ঢাকা,ঢাকা,তেজগাঁও শিল্প এলাকা,ঢাকা পলিটেকনিক,১২০৮
1230,ঢাকা,ঢাকা,উত্তরা,উত্তরা মডেল টাউন টিএসও,১২৩০
7870,ঢাকা,ফরিদপুর,আলফাডাঙ্গা,আলফাডাঙ্গা,৭৮৭০
7830,ঢাকা,ফরিদপুর,ভাঙ্গা,ভাঙ্গা,৭৮৩০
7860,ঢাকা,ফরিদপুর,বোয়ালমারী,বোয়ালমারী,৭৮৬০
7861,ঢাকা,ফরিদপুর,বোয়ালমারী,রুপাতপাত,৭৮৬১
7810,ঢাকা,ফরিদপুর,চরভদ্রাসন,চরভদ্রাসন,৭৮১০
7802,ঢাকা,ফরিদপুর,ফরিদপুর সদর,অম্বিকাপুর,৭৮০২
7803,ঢাকা,ফরিদপুর,ফরিদপুর সদর,বাইতুলমান পলিটেকনিক,৭৮০৩
7800,ঢাকা,ফরিদপুর,ফরিদপুর সদর,ফরিদপুর সদর,৭৮০০
7801,ঢাকা,ফরিদপুর,ফরিদপুর সদর,কানাইপুর,৭৮০১
7851,ঢাকা,ফরিদপুর,মধুখালী,কামারখালি,৭৮৫১
7850,ঢাকা,ফরিদপুর,মধুখালী,মধুখালী,৭৮৫০
7840,ঢাকা,ফরিদপুর,নগরকান্দা,নগরকান্দা,৭৮৪০
7841,ঢাকা,ফরিদপুর,নগরকান্দা,তালমা,৭৮৪১
7822,ঢাকা,ফরিদপুর,সদরপুর,বিশ্বরোড জাকের মঞ্জিল,৭৮২২
7821,ঢাকা,ফরিদপুর,সদরপুর,হাট ক্রিশাপুর,৭৮২১
7820,ঢাকা,ফরিদপুর,সদরপুর,সদরপুর,৭৮২০
7804,ঢাকা,ফরিদপুর,ফরিদপুর সদর,শ্রী-অঙ্গন,৭৮০৪
1703,ঢাকা,গাজীপুর,গাজীপুর সদর,B.O.F,১৭০৩
1701,ঢাকা,গাজীপুর,গাজীপুর সদর,B.R.R,১৭০১
1702,ঢাকা,গাজীপুর,গাজীপুর সদর,চান্দনা,১৭০২
1700,ঢাকা,গাজীপুর,গাজীপুর সদর,গাজীপুর সদর,১৭০০
1704,ঢাকা,গাজীপুর,গাজীপুর সদর,জাতীয় বিশ্ববিদ্যালয়,১৭০৪
1750,ঢাকা,গাজীপুর,কালিয়াকৈর,কালিয়াকৈর,১৭৫০
1751,ঢাকা,গাজীপুর,কালিয়াকৈর,সফিপুর,১৭৫১
1720,ঢাকা,গাজীপুর,কালীগঞ্জ,কালীগঞ্জ,১৭২০
1721,ঢাকা,গাজীপুর,কালীগঞ্জ,পুবাইল,১৭২১
1722,ঢাকা,গাজীপুর,কালীগঞ্জ,সান্তানপাড়া,১৭২২
1723,ঢাকা,গাজীপুর,কালীগঞ্জ,ভাওয়াল জামালপুর,১৭২৩
1730,ঢাকা,গাজীপুর,কাপাসিয়া,কাপাসিয়া,১৭৩০
1712,ঢাকা,গাজীপুর,মন্নুনগর,এরশাদ নগর,১৭১২
1710,ঢাকা,গাজীপুর,মন্নুনগর,মন্নুনগর,১৭১০
1711,ঢাকা,গাজীপুর,মন্নুনগর,নিশাত নগর,১৭১১
1743,ঢাকা,গাজীপুর,শ্রীপুর,বারমি,১৭৪৩
1747,ঢাকা,গাজীপুর,শ্রীপুর,বাশামুর,১৭৪৭
1748,ঢাকা,গাজীপুর,শ্রীপুর,বউবি,১৭৪৮
1745,ঢাকা,গাজীপুর,শ্রীপুর,কাওরাইদ,১৭৪৫
1744,ঢাকা,গাজীপুর,শ্রীপুর,সাতখামার,১৭৪৪
1740,ঢাকা,গাজীপুর,শ্রীপুর,শ্রীপুর,১৭৪০
1741,ঢাকা,গাজীপুর,শ্রীপুর,রাজেন্দ্রপুর,১৭৪১
1742,ঢাকা,গাজীপুর,শ্রীপুর,রাজেন্দ্রপুর সেনানিবাস,১৭৪২
8102,ঢাকা,গোপালগঞ্জ,গোপালগঞ্জ সদর,বারফা,৮১০২
8013,ঢাকা,গোপালগঞ্জ,গোপালগঞ্জ সদর,চন্দ্রাদিঘীনালা,৮০১৩
8100,ঢাকা,গোপালগঞ্জ,গোপালগঞ্জ সদর,বলাকইড়,৮১০০
8101,ঢাকা,গোপালগঞ্জ,গোপালগঞ্জ সদর,উলপুর,৮১০১
8133,ঢাকা,গোপালগঞ্জ,কাশিয়ানী,জনাপুর,৮১৩৩
8130,ঢাকা,গোপালগঞ্জ,কাশিয়ানী,কাশিয়ানী,৮১৩০
8131,ঢাকা,গোপালগঞ্জ,কাশিয়ানী,রামদিয়া কলেজ,৮১৩১
8132,ঢাকা,গোপালগঞ্জ,কাশিয়ানী,রাতইল,৮১৩২
8110,ঢাকা,গোপালগঞ্জ,কোটালীপাড়া,কোটালীপাড়া,৮১১০
8141,ঢাকা,গোপালগঞ্জ,মাকসুদপুর,বাটিকামারী,৮১৪১
8142,ঢাকা,গোপালগঞ্জ,মাকসুদপুর,খানদারপাড়া,৮১৪২
8140,ঢাকা,গোপালগঞ্জ,মাকসুদপুর,মাকসুদপুর,৮১৪০
8121,ঢাকা,গোপালগঞ্জ,টুঙ্গিপাড়া,পাটগাটি,৮১২১
8120,ঢাকা,গোপালগঞ্জ,টুঙ্গিপাড়া,টুঙ্গিপাড়া,৮১২০
2336,ঢাকা,কিশোরগঞ্জ,বাজিতপুর,বাজিতপুর,২৩৩৬
2338,ঢাকা,কিশোরগঞ্জ,বাজিতপুর,লক্ষ্মীপুর,২৩৩৮
2337,ঢাকা,কিশোরগঞ্জ,বাজিতপুর,সরারচর,২৩৩৭
2350,ঢাকা,কিশোরগঞ্জ,অষ্টগ্রাম,বাংগালপাড়া,২৩৫০
2320,ঢাকা,কিশোরগঞ্জ,হোসেনপুর,হোসেনপুর,২৩২০
2390,ঢাকা,কিশোরগঞ্জ,ইটনা,ইটনা,২৩৯০
2310,ঢাকা,কিশোরগঞ্জ,করিমগঞ্জ,করিমগঞ্জ,২৩১০
2331,ঢাকা,কিশোরগঞ্জ,কটিয়াদি,গচিহাটা,২৩৩১
2330,ঢাকা,কিশোরগঞ্জ,কটিয়াদি,কটিয়াদি,২৩৩০
2301,ঢাকা,কিশোরগঞ্জ,কিশোরগঞ্জ সদর,কিশোরগঞ্জ এস.মিলস,২৩০১
2300,ঢাকা,কিশোরগঞ্জ,কিশোরগঞ্জ সদর,কিশোরগঞ্জ সদর,২৩০০
2302,ঢাকা,কিশোরগঞ্জ,পাকুন্দিয়া,মাইজহাটি,২৩০২
2303,ঢাকা,কিশোরগঞ্জ,কিশোরগঞ্জ সদর,নীলগঞ্জ,২৩০৩
2341,ঢাকা,কিশোরগঞ্জ,কুলিয়ারচর,ছয়সূতি,২৩৪১
2340,ঢাকা,কিশোরগঞ্জ,কুলিয়ারচর,কুলিয়ারচর,২৩৪০
2371,ঢাকা,কিশোরগঞ্জ,মিঠামইন,আব্দুল্লাহপুর,২৩৭১
2370,ঢাকা,কিশোরগঞ্জ,মিঠামইন,মিঠামইন,২৩৭০
2360,ঢাকা,কিশোরগঞ্জ,নিকলী,নিকলী,২৩৬০
2380,ঢাকা,কিশোরগঞ্জ,অষ্টগ্রাম,অষ্টগ্রাম,২৩৮০
2326,ঢাকা,কিশোরগঞ্জ,পাকুন্দিয়া,পাকুন্দিয়া,২৩২৬
2316,ঢাকা,কিশোরগঞ্জ,তাড়াইল,তাড়াইল,২৩১৬
7932,ঢাকা,মাদারীপুর,বারহামগঞ্জ,বাহাদুরপুর,৭৯৩২
7930,ঢাকা,মাদারীপুর,বারহামগঞ্জ,বারহামগঞ্জ,৭৯৩০
7931,ঢাকা,মাদারীপুর,বারহামগঞ্জ,নিলাকসমিবান্দার,৭৯৩১
7933,ঢাকা,মাদারীপুর,বারহামগঞ্জ,উমেদপুর,৭৯৩৩
7920,ঢাকা,মাদারীপুর,কালকিনি,কালকিনি,৭৯২০
7921,ঢাকা,মাদারীপুর,কালকিনি,সাহাবরামপুর,৭৯২১
7901,ঢাকা,মাদারীপুর,মাদারীপুর সদর,চরমুগরিয়া,৭৯০১
7903,ঢাকা,মাদারীপুর,মাদারীপুর সদর,হবিগঞ্জ,৭৯০৩
7902,ঢাকা,মাদারীপুর,মাদারীপুর সদর,কুলপাদ্দি,৭৯০২
7900,ঢাকা,মাদারীপুর,মাদারীপুর সদর,মাদারীপুর সদর,৭৯০০
7904,ঢাকা,মাদারীপুর,মাদারীপুর সদর,মুস্তফাপুর,৭৯০৪
7911,ঢাকা,মাদারীপুর,রাজৈর,খালিয়া,৭৯১১
7910,ঢাকা,মাদারীপুর,রাজৈর,রাজৈর,৭৯১০
1860,ঢাকা,মানিকগঞ্জ,দৌলতপুর,দৌলতপুর,১৮৬০
1840,ঢাকা,মানিকগঞ্জ,ঘিওর,ঘিওর,১৮৪০
1831,ঢাকা,মানিকগঞ্জ,লেছড়াগঞ্জ,ঝিটকা,১৮৩১
1830,ঢাকা,মানিকগঞ্জ,বারহামগঞ্জ,বারহামগঞ্জ,১৮৩০
1804,ঢাকা,মানিকগঞ্জ,মানিকগঞ্জ সদর,বরংগাইল,১৮০৪
1802,ঢাকা,মানিকগঞ্জ,মানিকগঞ্জ সদর,গড়পাড়া,১৮০২
1803,ঢাকা,মানিকগঞ্জ,মানিকগঞ্জ সদর,মহাদেবপুর,১৮০৩
1801,ঢাকা,মানিকগঞ্জ,মানিকগঞ্জ সদর,মানিকগঞ্জ বাজার,১৮০১
1800,ঢাকা,মানিকগঞ্জ,মানিকগঞ্জ সদর,মানিকগঞ্জ সদর,১৮০০
1811,ঢাকা,মানিকগঞ্জ,সাটুরিয়া,বালিয়াটি,১৮১১
1810,ঢাকা,মানিকগঞ্জ,সাটুরিয়া,সাটুরিয়া,১৮১০
1851,ঢাকা,মানিকগঞ্জ,শিবালয়,আরিচা,১৮৫১
1850,ঢাকা,মানিকগঞ্জ,শিবালয়,শিবালয়,১৮৫০
1852,ঢাকা,মানিকগঞ্জ,শিবালয়,তেওতা,১৮৫২
1853,ঢাকা,মানিকগঞ্জ,শিবালয়,উঠলি,১৮৫৩
1821,ঢাকা,মানিকগঞ্জ,সিংগাইর,বায়রা,১৮২১
1822,ঢাকা,মানিকগঞ্জ,সিংগাইর,জয়মন্তব,১৮২২
1820,ঢাকা,মানিকগঞ্জ,সিংগাইর,সিংগাইর,১৮২০
1510,ঢাকা,মুন্সীগঞ্জ,গজারিয়া,গজারিয়া,১৫১০
1511,ঢাকা,মুন্সীগঞ্জ,গজারিয়া,হোসেন্দি,১৫১১
1512,ঢাকা,মুন্সীগঞ্জ,গজারিয়া,রসুলপুর,১৫১২
1534,ঢাকা,মুন্সীগঞ্জ,লৌহজং,গৌড়গঞ্জ,১৫৩৪
1532,ঢাকা,মুন্সীগঞ্জ,লৌহজং,হলদিয়া তাই,১৫৩২
1333,ঢাকা,মুন্সীগঞ্জ,লৌহজং,হারিদিয়া,১৩৩৩
1533,ঢাকা,মুন্সীগঞ্জ,লৌহজং,হারিদিয়া DESO,১৫৩৩
1531,ঢাকা,মুন্সীগঞ্জ,লৌহজং,করহাতি,১৫৩১
1530,ঢাকা,মুন্সীগঞ্জ,লৌহজং,লৌহজং,১৫৩০
1335,ঢাকা,মুন্সীগঞ্জ,লৌহজং,মেদিনী মণ্ডল,১৩৩৫
1503,ঢাকা,মুন্সীগঞ্জ,মুন্সীগঞ্জ সদর,কাঠাখালি,১৫০৩
1502,ঢাকা,মুন্সীগঞ্জ,মুন্সীগঞ্জ সদর,মিরকাদিম,১৫০২
1500,ঢাকা,মুন্সীগঞ্জ,মুন্সীগঞ্জ সদর,মুন্সীগঞ্জ সদর,১৫০০
1501,ঢাকা,মুন্সীগঞ্জ,মুন্সীগঞ্জ সদর,রিকাবিবাজার,১৫০১
1542,ঢাকা,মুন্সীগঞ্জ,সিরাজদিখান,ইছাপুর,১৫৪২
1541,ঢাকা,মুন্সীগঞ্জ,সিরাজদিখান,কোলা,১৫৪১
1543,ঢাকা,মুন্সীগঞ্জ,সিরাজদিখান,মালখানগর,১৫৪৩
1544,ঢাকা,মুন্সীগঞ্জ,সিরাজদিখান,শেখের নগর,১৫৪৪
1540,ঢাকা,মুন্সীগঞ্জ,সিরাজদিখান,সিরাজদিখান,১৫৪০
1557,ঢাকা,মুন্সীগঞ্জ,শ্রীনগর,বাঘড়া,১৫৫৭
1551,ঢাকা,মুন্সীগঞ্জ,শ্রীনগর,বারিখাল,১৫৫১
1558,ঢাকা,মুন্সীগঞ্জ,শ্রীনগর,ভাগ্যকুল,১৫৫৮
1553,ঢাকা,মুন্সীগঞ্জ,শ্রীনগর,হাশারা,১৫৫৩
1554,ঢাকা,মুন্সীগঞ্জ,শ্রীনগর,কলাপাড়া,১৫৫৪
1555,ঢাকা,মুন্সীগঞ্জ,শ্রীনগর,কুমারভগ,১৫৫৫
1552,ঢাকা,মুন্সীগঞ্জ,শ্রীনগর,মাজপাড়া,১৫৫২
1550,ঢাকা,মুন্সীগঞ্জ,শ্রীনগর,শ্রীনগর,১৫৫০
1556,ঢাকা,মুন্সীগঞ্জ,শ্রীনগর,ভাগ্যকুল তাই,১৫৫৬
1523,ঢাকা,মুন্সীগঞ্জ,টাংগিবাড়ি,বিজরাজুগিনি,১৫২৩
1522,ঢাকা,মুন্সীগঞ্জ,টাংগিবাড়ি,বালিগাও,১৫২২
1521,ঢাকা,মুন্সীগঞ্জ,টাংগিবাড়ি,বেটকারহাট,১৫২১
1525,ঢাকা,মুন্সীগঞ্জ,টাংগিবাড়ি,দিঘিরপাড়,১৫২৫
1524,ঢাকা,মুন্সীগঞ্জ,টাংগিবাড়ি,হাসাইল,১৫২৪
1527,ঢাকা,মুন্সীগঞ্জ,টাংগিবাড়ি,পুরা,১৫২৭
1526,ঢাকা,মুন্সীগঞ্জ,টাংগিবাড়ি,পুরা EDSO,১৫২৬
1520,ঢাকা,মুন্সীগঞ্জ,টাংগিবাড়ি,টাংগিবাড়ি,১৫২০
1450,ঢাকা,নারায়ণগঞ্জ,আড়াইহাজার,আড়াইহাজার,১৪৫০
1460,ঢাকা,নারায়ণগঞ্জ,রূপগঞ্জ,রূপগঞ্জ,১৪৬০
1451,ঢাকা,নারায়ণগঞ্জ,আড়াইহাজার,গোপালদি,১৪৫১
1440,ঢাকা,নারায়ণগঞ্জ,বাইদ্দের বাজার,বাইদ্দের বাজার,১৪৪০
1441,ঢাকা,নারায়ণগঞ্জ,বাইদ্দের বাজার,বারো নগর,১৪৪১
1442,ঢাকা,নারায়ণগঞ্জ,বাইদ্দের বাজার,বারোদি,১৪৪২
1410,ঢাকা,নারায়ণগঞ্জ,বন্দর,বন্দর,১৪১০
1413,ঢাকা,নারায়ণগঞ্জ,বন্দর,বিআইডিএস,১৪১৩
1411,ঢাকা,নারায়ণগঞ্জ,বন্দর,ডি.সি মিলস,১৪১১
1414,ঢাকা,নারায়ণগঞ্জ,বন্দর,মদনগঞ্জ,১৪১৪
1412,ঢাকা,নারায়ণগঞ্জ,বন্দর,নবীগঞ্জ,১৪১২
1421,ঢাকা,নারায়ণগঞ্জ,ফতুল্লা,ফতুল্লা বাজার,১৪২১
1420,ঢাকা,নারায়ণগঞ্জ,ফতুল্লা,ফতুল্লা,১৪২০
1400,ঢাকা,নারায়ণগঞ্জ,নারায়ণগঞ্জ সদর,নারায়ণগঞ্জ সদর,১৪০০
1462,ঢাকা,নারায়ণগঞ্জ,রূপগঞ্জ,ভুলতা,১৪৬২
1461,ঢাকা,নারায়ণগঞ্জ,রূপগঞ্জ,কাঞ্চন,১৪৬১
1464,ঢাকা,নারায়ণগঞ্জ,রূপগঞ্জ,মুরাপাড়া,১৪৬৪
1463,ঢাকা,নারায়ণগঞ্জ,রূপগঞ্জ,নগরি,১৪৬৩
1431,ঢাকা,নারায়ণগঞ্জ,সিদ্ধিরগঞ্জ,আদামজীনগর,১৪৩১
1432,ঢাকা,নারায়ণগঞ্জ,সিদ্ধিরগঞ্জ,LN মিলস,১৪৩২
1430,ঢাকা,নারায়ণগঞ্জ,সিদ্ধিরগঞ্জ,সিদ্ধিরগঞ্জ,১৪৩০
1640,ঢাকা,নরসিংদী,বেলাব,বেলাব,১৬৪০
1651,ঢাকা,নরসিংদী,মনোহরদি,হাতিরদিয়া,১৬৫১
1652,ঢাকা,নরসিংদী,মনোহরদি,কাটাবাড়িয়া,১৬৫২
1650,ঢাকা,নরসিংদী,মনোহরদি,মনোহরদি,১৬৫০
1605,ঢাকা,নরসিংদী,নরসিংদী সদর,করিমপুর,১৬০৫
1604,ঢাকা,নরসিংদী,নরসিংদী সদর,মাধবদী,১৬০৪
1602,ঢাকা,নরসিংদী,নরসিংদী সদর,নরসিংদী কলেজ,১৬০২
1600,ঢাকা,নরসিংদী,নরসিংদী সদর,নরসিংদী সদর,১৬০০
1603,ঢাকা,নরসিংদী,নরসিংদী সদর,পাঁচদোনা,১৬০৩
1601,ঢাকা,নরসিংদী,নরসিংদী সদর,UMC জুট মিলস,১৬০১
1612,ঢাকা,নরসিংদী,পলাশ,চরসিন্ধুর,১৬১২
1613,ঢাকা,নরসিংদী,পলাশ,ঘোড়াশাল,১৬১৩
1611,ঢাকা,নরসিংদী,পলাশ,ঘোড়াশাল ইউরিয়া ফ্যাক্টুরি,১৬১১
1610,ঢাকা,নরসিংদী,পলাশ,পলাশ,১৬১০
1631,ঢাকা,নরসিংদী,রায়পুর,বাজার হাসনাবাদ,১৬৩১
1632,ঢাকা,নরসিংদী,রায়পুর,রাধাগঞ্জ বাজার,১৬৩২
1630,ঢাকা,নরসিংদী,রায়পুর,রায়পুর,১৬৩০
1620,ঢাকা,নরসিংদী,শিবপুর,শিবপুর,১৬২০
7730,ঢাকা,রাজবাড়ী,বালিয়াকান্দি,বালিয়াকান্দি,৭৭৩০
7731,ঢাকা,রাজবাড়ী,বালিয়াকান্দি,নালিয়াগ্রাম,৭৭৩১
7723,ঢাকা,রাজবাড়ী,পাংশা,মৃগিবাজার,৭৭২৩
7720,ঢাকা,রাজবাড়ী,পাংশা,পাংশা,৭৭২০
7721,ঢাকা,রাজবাড়ী,পাংশা,রামকোল,৭৭২১
7722,ঢাকা,রাজবাড়ী,পাংশা,রতনদিয়া,৭৭২২
7710,ঢাকা,রাজবাড়ী,রাজবাড়ী সদর,গোয়ালন্দ,৭৭১০
7711,ঢাকা,রাজবাড়ী,রাজবাড়ী সদর,খানখানাপুর,৭৭১১
7700,ঢাকা,রাজবাড়ী,রাজবাড়ী সদর,রাজবাড়ী সদর,৭৭০০
8030,ঢাকা,শরীয়তপুর,ভেদোরগঞ্জ,ভেদোরগঞ্জ,৮০৩০
8040,ঢাকা,শরীয়তপুর,দামুধ্যা,দামুধ্যা,৮০৪০
8050,ঢাকা,শরীয়তপুর,গোসাইরহাট,গোসাইরহাট,৮০৫০
8010,ঢাকা,শরীয়তপুর,জাজিরা,জাজিরা,৮০১০
8021,ঢাকা,শরীয়তপুর,নড়িয়া,ভোজেশ্বর,৮০২১
8022,ঢাকা,শরীয়তপুর,নড়িয়া,ঘারিসার,৮০২২
8024,ঢাকা,শরীয়তপুর,নড়িয়া,কার্তিকপুর,৮০২৪
8020,ঢাকা,শরীয়তপুর,নড়িয়া,নড়িয়া,৮০২০
8023,ঢাকা,শরীয়তপুর,নড়িয়া,উপশি,৮০২৩
8001,ঢাকা,শরীয়তপুর,শরীয়তপুর সদর,আঙ্গারিয়া,৮০০১
8002,ঢাকা,শরীয়তপুর,শরীয়তপুর সদর,চিকান্দি,৮০০২
8000,ঢাকা,শরীয়তপুর,শরীয়তপুর সদর,শরীয়তপুর সদর,৮০০০
1920,ঢাকা,টাঙ্গাইল,বাসাইল,বাসাইল,১৯২০
1960,ঢাকা,টাঙ্গাইল,ভূঞাপুর,ভূঞাপুর,১৯৬০
1910,ঢাকা,টাঙ্গাইল,দেলদুয়ার,দেলদুয়ার,১৯১০
1913,ঢাকা,টাঙ্গাইল,দেলদুয়ার,ইলাসিন,১৯১৩
1914,ঢাকা,টাঙ্গাইল,দেলদুয়ার,হিংগা নগর,১৯১৪
1911,ঢাকা,টাঙ্গাইল,দেলদুয়ার,জাঙ্গালিয়া,১৯১১
1915,ঢাকা,টাঙ্গাইল,দেলদুয়ার,লউহাটি,১৯১৫
1912,ঢাকা,টাঙ্গাইল,দেলদুয়ার,পাঠারাইল,১৯১২
1982,ঢাকা,টাঙ্গাইল,ঘাটাইল,ডি পাকুটিয়া,১৯৮২
1983,ঢাকা,টাঙ্গাইল,ঘাটাইল,ধলাপাড়া,১৯৮৩
1980,ঢাকা,টাঙ্গাইল,ঘাটাইল,ঘাটাইল,১৯৮০
1984,ঢাকা,টাঙ্গাইল,ঘাটাইল,লোহানী,১৯৮৪
1981,ঢাকা,টাঙ্গাইল,ঘাটাইল,জাহিদগঞ্জ,১৯৮১
1990,ঢাকা,টাঙ্গাইল,গোপালপুর,গোপালপুর,১৯৯০
1992,ঢাকা,টাঙ্গাইল,গোপালপুর,হেমনগর,১৯৯২
1991,ঢাকা,টাঙ্গাইল,গোপালপুর,চাতুতিয়া,১৯৯১
1973,ঢাকা,টাঙ্গাইল,কালিহাতী,বাল্লাবাজার,১৯৭৩
1974,ঢাকা,টাঙ্গাইল,কালিহাতী,ইলিংগা,১৯৭৪
1970,ঢাকা,টাঙ্গাইল,কালিহাতী,কালিহাতী,১৯৭০
1977,ঢাকা,টাঙ্গাইল,কালিহাতী,নগরবাড়ী,১৯৭৭
1976,ঢাকা,টাঙ্গাইল,কালিহাতী,নগরবাড়ী তাই,১৯৭৬
1972,ঢাকা,টাঙ্গাইল,কালিহাতী,নাগবাড়ি,১৯৭২
1975,ঢাকা,টাঙ্গাইল,কালিহাতী,পালিশা,১৯৭৫
1971,ঢাকা,টাঙ্গাইল,কালিহাতী,রাজাফাইর,১৯৭১
1930,ঢাকা,টাঙ্গাইল,কাশকাওলিয়া,কাশকাওলিয়া,১৯৩০
1997,ঢাকা,টাঙ্গাইল,মধুপুর,ধবাড়ি,১৯৯৭
1996,ঢাকা,টাঙ্গাইল,মধুপুর,মধুপুর,১৯৯৬
1941,ঢাকা,টাঙ্গাইল,মির্জাপুর,গড়াই,১৯৪১
1944,ঢাকা,টাঙ্গাইল,মির্জাপুর,জারমুকি,১৯৪৪
1942,ঢাকা,টাঙ্গাইল,মির্জাপুর,এম.সি. কলেজ,১৯৪২
1940,ঢাকা,টাঙ্গাইল,মির্জাপুর,মির্জাপুর,১৯৪০
1945,ঢাকা,টাঙ্গাইল,মির্জাপুর,মহেরা,১৯৪৫
1943,ঢাকা,টাঙ্গাইল,মির্জাপুর,ওয়ারী পাইকপাড়া,১৯৪৩
1937,ঢাকা,টাঙ্গাইল,নাগরপুর,ধুবুরিয়া,১৯৩৭
1936,ঢাকা,টাঙ্গাইল,নাগরপুর,নাগরপুর,১৯৩৬
1938,ঢাকা,টাঙ্গাইল,নাগরপুর,সলিমাবাদ,১৯৩৮
1951,ঢাকা,টাঙ্গাইল,সখীপুর,কচুয়া,১৯৫১
1950,ঢাকা,টাঙ্গাইল,সখীপুর,সখীপুর,১৯৫০
1901,ঢাকা,টাঙ্গাইল,টাঙ্গাইল সদর,কাগমারি,১৯০১
1903,ঢাকা,টাঙ্গাইল,টাঙ্গাইল সদর,করোতিয়া,১৯০৩
1904,ঢাকা,টাঙ্গাইল,টাঙ্গাইল সদর,পুড়াবাড়ি,১৯০৪
1902,ঢাকা,টাঙ্গাইল,টাঙ্গাইল সদর,সন্তোষ,১৯০২
1900,ঢাকা,টাঙ্গাইল,টাঙ্গাইল সদর,টাঙ্গাইল সদর,১৯০০
2140,ময়মনসিংহ,শেরপুর,বকশীগঞ্জ,বকশীগঞ্জ,২১৪০
2030,ময়মনসিংহ,জামালপুর,দেওয়ানগঞ্জ,দেওয়ানগঞ্জ,২০৩০
2021,ময়মনসিংহ,জামালপুর,ইসলামপুর,ডুরমোট,২০২১
2022,ময়মনসিংহ,জামালপুর,ইসলামপুর,গিলাবাড়ি,২০২২
2020,ময়মনসিংহ,জামালপুর,ইসলামপুর,ইসলামপুর,২০২০
2000,ময়মনসিংহ,জামালপুর,জামালপুর,জামালপুর,২০০০
2001,ময়মনসিংহ,জামালপুর,জামালপুর,নানদিনা,২০০১
2002,ময়মনসিংহ,জামালপুর,জামালপুর,নুরুন্দী,২০০২
2011,ময়মনসিংহ,জামালপুর,মেলান্দহ,জামালপুর,২০১১
2013,ময়মনসিংহ,জামালপুর,মেলান্দহ,মাহমুদপুর,২০১৩
2012,ময়মনসিংহ,জামালপুর,মেলান্দহ,মালঞ্চ,২০১২
2010,ময়মনসিংহ,জামালপুর,মেলান্দহ,মেলান্দহ,২০১০
2041,ময়মনসিংহ,জামালপুর,মাদারগঞ্জ,বালিঝুড়ি,২০৪১
2040,ময়মনসিংহ,জামালপুর,মাদারগঞ্জ,মাদারগঞ্জ,২০৪০
2052,ময়মনসিংহ,জামালপুর,সরিষাবাড়ি,বাউসী,২০৫২
2051,ময়মনসিংহ,জামালপুর,সরিষাবাড়ি,গুনেরবাড়ি,২০৫১
2053,ময়মনসিংহ,জামালপুর,সরিষাবাড়ি,জগন্নাথ ঘাট,২০৫৩
2055,ময়মনসিংহ,জামালপুর,সরিষাবাড়ি,যমুনা সার কারখানা,২০৫৫
2054,ময়মনসিংহ,জামালপুর,সরিষাবাড়ি,পিংনা,২০৫৪
2050,ময়মনসিংহ,জামালপুর,সরিষাবাড়ি,সরিষাবাড়ি,২০৫০
2240,ময়মনসিংহ,ময়মনসিংহ,ভালুকা,ভালুকা,২২৪০
2216,ময়মনসিংহ,ময়মনসিংহ,ফুলবাড়িয়া,ফুলবাড়িয়া,২২১৬
2234,ময়মনসিংহ,ময়মনসিংহ,গফরগাঁও,দুট্টারবাজার,২২৩৪
2230,ময়মনসিংহ,ময়মনসিংহ,গফরগাঁও,গফরগাঁও,২২৩০
2233,ময়মনসিংহ,ময়মনসিংহ,গফরগাঁও,কান্দিপাড়া,২২৩৩
2231,ময়মনসিংহ,ময়মনসিংহ,গফরগাঁও,শিবগঞ্জ,২২৩১
2232,ময়মনসিংহ,ময়মনসিংহ,গফরগাঁও,উস্তি,২২৩২
2270,ময়মনসিংহ,ময়মনসিংহ,গৌরীপুর,গৌরীপুর,২২৭০
2271,ময়মনসিংহ,ময়মনসিংহ,গৌরীপুর,রামগোপালপুর,২২৭১
2261,ময়মনসিংহ,ময়মনসিংহ,হালুয়াঘাট,ধারা,২২৬১
2260,ময়মনসিংহ,ময়মনসিংহ,হালুয়াঘাট,হালুয়াঘাট,২২৬০
2262,ময়মনসিংহ,ময়মনসিংহ,হালুয়াঘাট,মুনশিরহাট,২২৬২
2282,ময়মনসিংহ,ময়মনসিংহ,ঈশ্বরগঞ্জ,আঠারবাড়ি,২২৮২
2280,ময়মনসিংহ,ময়মনসিংহ,ঈশ্বরগঞ্জ,ঈশ্বরগঞ্জ,২২৮০
2281,ময়মনসিংহ,ময়মনসিংহ,ঈশ্বরগঞ্জ,সোহাগি,২২৮১
2210,ময়মনসিংহ,ময়মনসিংহ,মুক্তাগাছা,মুক্তাগাছা,২২১০
2202,ময়মনসিংহ,ময়মনসিংহ,ময়মনসিংহ সদর,কৃষি বিশ্ববিদ্যালয়,২২০২
2204,ময়মনসিংহ,ময়মনসিংহ,ময়মনসিংহ সদর,বিদ্যাগঞ্জ,২২০৪
2201,ময়মনসিংহ,ময়মনসিংহ,ময়মনসিংহ সদর,কেওয়াটখালি,২২০১
2200,ময়মনসিংহ,ময়মনসিংহ,ময়মনসিংহ সদর,ময়মনসিংহ সদর,২২০০
2205,ময়মনসিংহ,ময়মনসিংহ,ময়মনসিংহ সদর,পিয়ারপুর,২২০৫
2203,ময়মনসিংহ,ময়মনসিংহ,ময়মনসিংহ সদর,শম্ভুগঞ্জ,২২০৩
2291,ময়মনসিংহ,ময়মনসিংহ,নান্দাইল,গাংগাইল,২২৯১
2290,ময়মনসিংহ,ময়মনসিংহ,নান্দাইল,নান্দাইল,২২৯০
2251,ময়মনসিংহ,ময়মনসিংহ,ফুলপুর,বেলতিয়া,২২৫১
2250,ময়মনসিংহ,ময়মনসিংহ,ফুলপুর,ফুলপুর,২২৫০
2252,ময়মনসিংহ,ময়মনসিংহ,ফুলপুর,তারাকান্দা,২২৫২
2221,ময়মনসিংহ,ময়মনসিংহ,ত্রিশাল,আহমাদবাদ,২২২১
2223,ময়মনসিংহ,ময়মনসিংহ,ত্রিশাল,ধলা,২২২৩
2222,ময়মনসিংহ,ময়মনসিংহ,ত্রিশাল,রাম অমৃতগঞ্জ,২২২২
2220,ময়মনসিংহ,ময়মনসিংহ,ত্রিশাল,ত্রিশাল,২২২০
2420,ময়মনসিংহ,নেত্রকোণা,সুসনঞ্জ দুর্গাপুর,সুসনঞ্জ দুর্গাপুর,২৪২০
2470,ময়মনসিংহ,নেত্রকোণা,আটপাড়া,আটপাড়া,২৪৭০
2440,ময়মনসিংহ,নেত্রকোণা,বারহাট্টা,বারহাট্টা,২৪৪০
2450,ময়মনসিংহ,নেত্রকোণা,ধর্মপাশা,ধর্মপাশা,২৪৫০
2416,ময়মনসিংহ,নেত্রকোণা,ধবাউরা,ধবাউরা,২৪১৬
2417,ময়মনসিংহ,নেত্রকোণা,ধবাউরা,সাকয়াই,২৪১৭
2430,ময়মনসিংহ,নেত্রকোণা,কলমাকান্দা,কলমাকান্দা,২৪৩০
2480,ময়মনসিংহ,নেত্রকোণা,কেন্দুয়া,কেন্দুয়া,২৪৮০
2460,ময়মনসিংহ,নেত্রকোণা,খালিয়াজুরী,খালিয়াজুরী,২৪৬০
2462,ময়মনসিংহ,নেত্রকোণা,খালিয়াজুরী,শালদিঘা,২৪৬২
2490,ময়মনসিংহ,নেত্রকোণা,মদন,মদন,২৪৯০
2456,ময়মনসিংহ,নেত্রকোণা,মধ্যনগর,মধ্যনগর,২৪৫৬
2446,ময়মনসিংহ,নেত্রকোণা,মোহনগঞ্জ,মোহনগঞ্জ,২৪৪৬
2401,ময়মনসিংহ,নেত্রকোণা,নেত্রকোণা সদর,বাইখেরহাটি,২৪০১
2400,ময়মনসিংহ,নেত্রকোণা,নেত্রকোণা সদর,নেত্রকোণা সদর,২৪০০
2412,ময়মনসিংহ,নেত্রকোণা,পুর্বধোলা,জারিয়া ঝানঝাইল,২৪১২
2410,ময়মনসিংহ,নেত্রকোণা,পুর্বধোলা,পুর্বধোলা,২৪১০
2411,ময়মনসিংহ,নেত্রকোণা,পুর্বধোলা,শামগঞ্জ,২৪১১
2120,ময়মনসিংহ,শেরপুর,ঝিনাইগাতী,ঝিনাইগাতী,২১২০
2151,ময়মনসিংহ,শেরপুর,নকলা,গণপাদ্দি,২১৫১
2150,ময়মনসিংহ,শেরপুর,নকলা,নকলা,২১৫০
2111,ময়মনসিংহ,শেরপুর,নালিতাবাড়ী,হাতীবান্ধা,২১১১
2110,ময়মনসিংহ,শেরপুর,নালিতাবাড়ী,নালিতাবাড়ী,২১১০
2100,ময়মনসিংহ,শেরপুর,শেরপুর সদর,শেরপুর সদর,২১০০
2130,ময়মনসিংহ,শেরপুর,শ্রীবরদী,শ্রীবরদী,২১৩০
3360,সিলেট,হবিগঞ্জ,আজমিরীগঞ্জ,আজমিরীগঞ্জ,৩৩৬০
3310,সিলেট,হবিগঞ্জ,বাহুবল,মানিকা বাজার,৩৩১০
3350,সিলেট,হবিগঞ্জ,বানিয়াচং,বানিয়াচং,৩৩৫০
3351,সিলেট,হবিগঞ্জ,বানিয়াচং,যাত্রাপাশা,৩৩৫১
3352,সিলেট,হবিগঞ্জ,বানিয়াচং,কাদিরগঞ্জ,৩৩৫২
3321,সিলেট,হবিগঞ্জ,চুনারুঘাট,চাঁদপুরবাগান,৩৩২১
3320,সিলেট,হবিগঞ্জ,চুনারুঘাট,চুনারুঘাট,৩৩২০
3322,সিলেট,হবিগঞ্জ,চুনারুঘাট,নরপাটি,৩৩২২
3302,সিলেট,হবিগঞ্জ,হবিগঞ্জ সদর,গোপায়া,৩৩০২
3300,সিলেট,হবিগঞ্জ,হবিগঞ্জ সদর,হবিগঞ্জ সদর,৩৩০০
3301,সিলেট,হবিগঞ্জ,হবিগঞ্জ সদর,শায়েস্তাগঞ্জ,৩৩০১
3340,সিলেট,হবিগঞ্জ,কালাউক,কালাউক,৩৩৪০
3341,সিলেট,হবিগঞ্জ,কালাউক,লাখাই,৩৩৪১
3331,সিলেট,হবিগঞ্জ,মাধবপুর,ইটাখোলা,৩৩৩১
3330,সিলেট,হবিগঞ্জ,মাধবপুর,মাধবপুর,৩৩৩০
3333,সিলেট,হবিগঞ্জ,মাধবপুর,সাইহাম নগর,৩৩৩৩
3332,সিলেট,হবিগঞ্জ,মাধবপুর,শাহজিবাজার,৩৩৩২
3373,সিলেট,হবিগঞ্জ,নবীগঞ্জ,দিগলবাক,৩৩৭৩
3372,সিলেট,হবিগঞ্জ,নবীগঞ্জ,গোলডুবা,৩৩৭২
3371,সিলেট,হবিগঞ্জ,নবীগঞ্জ,গোপলারবাজার,৩৩৭১
3374,সিলেট,হবিগঞ্জ,নবীগঞ্জ,ইনাতগঞ্জ,৩৩৭৪
3370,সিলেট,হবিগঞ্জ,নবীগঞ্জ,নবীগঞ্জ,৩৩৭০
3250,সিলেট,মৌলভীবাজার,বড়লেখা,বড়লেখা,৩২৫০
3252,সিলেট,মৌলভীবাজার,বড়লেখা,দক্ষিণবাগ,৩২৫২
3251,সিলেট,মৌলভীবাজার,বড়লেখা,জুড়ী,৩২৫১
3253,সিলেট,মৌলভীবাজার,বড়লেখা,পূর্বাশাহাবাজপুর,৩২৫৩
3220,সিলেট,মৌলভীবাজার,কমলগঞ্জ,কমলগঞ্জ,৩২২০
3221,সিলেট,মৌলভীবাজার,কমলগঞ্জ,কেরামত নগর,৩২২১
3224,সিলেট,মৌলভীবাজার,কমলগঞ্জ,মুন্সীবাজার,৩২২৪
3222,সিলেট,মৌলভীবাজার,কমলগঞ্জ,পাত্রখোলা,৩২২২
3223,সিলেট,মৌলভীবাজার,কমলগঞ্জ,শমসের নগর,৩২২৩
3237,সিলেট,মৌলভীবাজার,কুলাউড়া,বরমচাল,৩২৩৭
3234,সিলেট,মৌলভীবাজার,কুলাউড়া,কাজলধারা,৩২৩৪
3235,সিলেট,মৌলভীবাজার,কুলাউড়া,করিমপুর,৩২৩৫
3230,সিলেট,মৌলভীবাজার,কুলাউড়া,কুলাউড়া,৩২৩০
3232,সিলেট,মৌলভীবাজার,কুলাউড়া,লংলা,৩২৩২
3233,সিলেট,মৌলভীবাজার,কুলাউড়া,পৃথিমপাশা,৩২৩৩
3231,সিলেট,মৌলভীবাজার,কুলাউড়া,টিলাগাও,৩২৩১
3203,সিলেট,মৌলভীবাজার,মৌলভীবাজার সদর,আফরোজগঞ্জ,৩২০৩
3201,সিলেট,মৌলভীবাজার,মৌলভীবাজার সদর,বারাকাপান,৩২০১
3202,সিলেট,মৌলভীবাজার,মৌলভীবাজার সদর,মনুমুখ,৩২০২
3200,সিলেট,মৌলভীবাজার,মৌলভীবাজার সদর,মৌলভীবাজার সদর,৩২০০
3240,সিলেট,মৌলভীবাজার,রাজনগর,রাজনগর,৩২৪০
3212,সিলেট,মৌলভীবাজার,শ্রীমঙ্গল,কালীঘাট,৩২১২
3213,সিলেট,মৌলভীবাজার,শ্রীমঙ্গল,খেজুরীছড়া,৩২১৩
3211,সিলেট,মৌলভীবাজার,শ্রীমঙ্গল,নারায়ন ছড়া,৩২১১
3214,সিলেট,মৌলভীবাজার,শ্রীমঙ্গল,সাতগাঁও,৩২১৪
3210,সিলেট,মৌলভীবাজার,শ্রীমঙ্গল,শ্রীমঙ্গল,৩২১০
3010,সিলেট,সুনামগঞ্জ,বিশম্ভরপুর,বিশম্ভরপুর,৩০১০
3080,সিলেট,সুনামগঞ্জ,ছাতক,ছাতক,৩০৮০
3081,সিলেট,সুনামগঞ্জ,ছাতক,ছাতক সিমেন্ট ফ্যাক্টরি,৩০৮১
3082,সিলেট,সুনামগঞ্জ,ছাতক,ছাতক পেপার মিলস,৩০৮২
3893,সিলেট,সুনামগঞ্জ,ছাতক,চৌরঙ্গী বাজার,৩৮৯৩
3083,সিলেট,সুনামগঞ্জ,ছাতক,গোবিন্দগঞ্জ,৩০৮৩
3084,সিলেট,সুনামগঞ্জ,ছাতক,গোবিন্দগঞ্জ নতুন বাজার,৩০৮৪
3088,সিলেট,সুনামগঞ্জ,ছাতক,ইসলামাবাদ,৩০৮৮
3087,সিলেট,সুনামগঞ্জ,ছাতক,জাহিদপুর,৩০৮৭
3085,সিলেট,সুনামগঞ্জ,ছাতক,খুরমা,৩০৮৫
3086,সিলেট,সুনামগঞ্জ,ছাতক,মৈনপুর,৩০৮৬
3040,সিলেট,সুনামগঞ্জ,দিরাই চাঁদপুর,দিরাই চাঁদপুর,৩০৪০
3041,সিলেট,সুনামগঞ্জ,দিরাই চাঁদপুর,জগদল,৩০৪১
3070,সিলেট,সুনামগঞ্জ,দুয়ারা বাজার,দুয়ারা বাজার,৩০৭০
3050,সিলেট,সুনামগঞ্জ,ঘুঙ্গিয়ার,ঘুঙ্গিয়ার,৩০৫০
3062,সিলেট,সুনামগঞ্জ,জগন্নাথপুর,আতুয়াজান,৩০৬২
3063,সিলেট,সুনামগঞ্জ,জগন্নাথপুর,হাসান ফাতেমাপুর,৩০৬৩
3060,সিলেট,সুনামগঞ্জ,জগন্নাথপুর,জগন্নাথপুর,৩০৬০
3064,সিলেট,সুনামগঞ্জ,জগন্নাথপুর,রাসূলগঞ্জ,৩০৬৪
3065,সিলেট,সুনামগঞ্জ,জগন্নাথপুর,শিরামসি,৩০৬৫
3061,সিলেট,সুনামগঞ্জ,জগন্নাথপুর,সৈয়দপুর,৩০৬১
3127,সিলেট,সিলেট,বালাগঞ্জ,কাঁঠাল খাইর,৩১২৭
3020,সিলেট,সুনামগঞ্জ,সাচনা,সাচনা,৩০২০
3001,সিলেট,সুনামগঞ্জ,সুনামগঞ্জ সদর,পাগলা,৩০০১
3002,সিলেট,সুনামগঞ্জ,সুনামগঞ্জ সদর,পাথারিয়া,৩০০২
3000,সিলেট,সুনামগঞ্জ,সুনামগঞ্জ সদর,সুনামগঞ্জ সদর,৩০০০
3030,সিলেট,সুনামগঞ্জ,তাহিরপুর,তাহিরপুর,৩০৩০
3120,সিলেট,সিলেট,বালাগঞ্জ,বালাগঞ্জ,৩১২০
3125,সিলেট,সিলেট,বালাগঞ্জ,বেগমপুর,৩১২৫
3122,সিলেট,সিলেট,বালাগঞ্জ,ব্রহ্ম শাসন,৩১২২
3128,সিলেট,সিলেট,বালাগঞ্জ,গহরপুর,৩১২৮
3124,সিলেট,সিলেট,বালাগঞ্জ,গোয়ালা বাজার,৩১২৪
3121,সিলেট,সিলেট,বালাগঞ্জ,করুয়া,৩১২১
3129,সিলেট,সিলেট,বালাগঞ্জ,নতুন বাজার,৩১২৯
3126,সিলেট,সিলেট,বালাগঞ্জ,ওমরপুর,৩১২৬
3123,সিলেট,সিলেট,বালাগঞ্জ,তাজপুর,৩১২৩
3170,সিলেট,সিলেট,বিয়ানীবাজার,বিয়ানীবাজার,৩১৭০
3175,সিলেট,সিলেট,বিয়ানীবাজার,চারখাই,৩১৭৫
3171,সিলেট,সিলেট,বিয়ানীবাজার,জলঢুপ,৩১৭১
3173,সিলেট,সিলেট,বিয়ানীবাজার,কুড়ার বাজার,৩১৭৩
3172,সিলেট,সিলেট,বিয়ানীবাজার,মাথিউরা,৩১৭২
3174,সিলেট,সিলেট,বিয়ানীবাজার,সালিয়া বাজার,৩১৭৪
3130,সিলেট,সিলেট,বিশ্বনাথ,বিশ্বনাথ,৩১৩০
3131,সিলেট,সিলেট,বিশ্বনাথ,দশঘর,৩১৩১
3133,সিলেট,সিলেট,বিশ্বনাথ,দেওকলস,৩১৩৩
3132,সিলেট,সিলেট,বিশ্বনাথ,দৌলতপুর,৩১৩২
3134,সিলেট,সিলেট,বিশ্বনাথ,সিঙ্গার কাঞ্চ,৩১৩৪
3116,সিলেট,সিলেট,ফেঞ্চুগঞ্জ,ফেঞ্চুগঞ্জ,৩১১৬
3117,সিলেট,সিলেট,ফেঞ্চুগঞ্জ,ফেঞ্চুগঞ্জ সার কারখানা,৩১১৭
3152,সিলেট,সিলেট,গোয়াইনহাট,চিকনাগুলি,৩১৫২
3150,সিলেট,সিলেট,গোয়াইনহাট,গোয়াইনহাট,৩১৫০
3151,সিলেট,সিলেট,গোয়াইনহাট,জাফলং,৩১৫১
3164,সিলেট,সিলেট,গোলাপগঞ্জ,বাণীগ্রাম,৩১৬৪
3165,সিলেট,সিলেট,গোলাপগঞ্জ,চন্দনপুর,৩১৬৫
3162,সিলেট,সিলেট,গোলাপগঞ্জ,দক্ষিণ ভাদাশরে,৩১৬২
3161,সিলেট,সিলেট,গোলাপগঞ্জ,ঢাকা দক্ষিণ,৩১৬১
3160,সিলেট,সিলেট,গোলাপগঞ্জ,গোলাপগঞ্জ,৩১৬০
3163,সিলেট,সিলেট,গোলাপগঞ্জ,রানাপিং,৩১৬৩
3156,সিলেট,সিলেট,জৈন্তাপুর,জৈন্তাপুর,৩১৫৬
3191,সিলেট,সিলেট,জকিগঞ্জ,ইছামতি,৩১৯১
3190,সিলেট,সিলেট,জকিগঞ্জ,জকিগঞ্জ,৩১৯০
3181,সিলেট,সিলেট,কানাইঘাট,চটুলবাজার,৩১৮১
3183,সিলেট,সিলেট,কানাইঘাট,গাছবাড়ী,৩১৮৩
3180,সিলেট,সিলেট,কানাইঘাট,কানাইঘাট,৩১৮০
3182,সিলেট,সিলেট,কানাইঘাট,মানিকগঞ্জ,৩১৮২
3140,সিলেট,সিলেট,কোম্পানীগঞ্জ,কোম্পানীগঞ্জ,৩১৪০
3106,সিলেট,সিলেট,সিলেট সদর,বিরাহিমপুর,৩১০৬
3107,সিলেট,সিলেট,সিলেট সদর,জালালাবাদ,৩১০৭
3104,সিলেট,সিলেট,সিলেট সদর,জালালাবাদ সেনানিবাস,৩১০৪
3111,সিলেট,সিলেট,সিলেট সদর,কদমতলী,৩১১১
3112,সিলেট,সিলেট,সিলেট সদর,কামালবাজার,৩১১২
3103,সিলেট,সিলেট,সিলেট সদর,খাদিমনগর,৩১০৩
3113,সিলেট,সিলেট,সিলেট সদর,লালবাজার,৩১১৩
3108,সিলেট,সিলেট,সিলেট সদর,মগ্লা,৩১০৮
3109,সিলেট,সিলেট,সিলেট সদর,রাঙ্গা হাজীগঞ্জ,৩১০৯
3114,সিলেট,সিলেট,সিলেট সদর,শাহ্‌জালাল বিজ্ঞান ও প্রযুক্তি,৩১১৪
3105,সিলেট,সিলেট,সিলেট সদর,সিলাম,৩১০৫
3100,সিলেট,সিলেট,সিলেট সদর,সিলেট সদর,৩১০০
3102,সিলেট,সিলেট,সিলেট সদর,সিলেট বিমান বন্দর,৩১০২
3101,সিলেট,সিলেট,সিলেট সদর,সিলেট ক্যাডেট কলেজ,৩১০১
4650,চট্টগ্রাম,বান্দরবান,আলিকদম,আলিকদম,৪৬৫০
4660,চট্টগ্রাম,বান্দরবান,নাইখং,নাইখং,৪৬৬০
4610,চট্টগ্রাম,বান্দরবান,রংছড়ি,রংছড়ি,৪৬১০
4620,চট্টগ্রাম,বান্দরবান,রুমা,রুমা,৪৬২০
4641,চট্টগ্রাম,বান্দরবান,থানচি,লামা,৪৬৪১
4630,চট্টগ্রাম,বান্দরবান,থানচি,থানচি,৪৬৩০
3450,চট্টগ্রাম,ব্রাহ্মণবাড়িয়া,আখাউড়া,আখাউড়া,৩৪৫০
3451,চট্টগ্রাম,ব্রাহ্মণবাড়িয়া,আখাউড়া,আজমপুর,৩৪৫১
3452,চট্টগ্রাম,ব্রাহ্মণবাড়িয়া,আখাউড়া,গঙ্গাসাগর,৩৪৫২
3420,চট্টগ্রাম,ব্রাহ্মণবাড়িয়া,বাঞ্ছারামপুর,বাঞ্ছারামপুর,৩৪২০
3402,চট্টগ্রাম,ব্রাহ্মণবাড়িয়া,ব্রাহ্মণবাড়িয়া সদর,আশুগঞ্জ,৩৪০২
3403,চট্টগ্রাম,ব্রাহ্মণবাড়িয়া,ব্রাহ্মণবাড়িয়া সদর,আশুগঞ্জ সেয়ার,৩৪০৩
3400,চট্টগ্রাম,ব্রাহ্মণবাড়িয়া,ব্রাহ্মণবাড়িয়া সদর,ব্রাহ্মণবাড়িয়া সদর,৩৪০০
3404,চট্টগ্রাম,ব্রাহ্মণবাড়িয়া,ব্রাহ্মণবাড়িয়া সদর,পুনে,৩৪০৪
3401,চট্টগ্রাম,ব্রাহ্মণবাড়িয়া,ব্রাহ্মণবাড়িয়া সদর,তালশহর,৩৪০১
3462,চট্টগ্রাম,ব্রাহ্মণবাড়িয়া,কসবা,চন্ডিদার,৩৪৬২
3463,চট্টগ্রাম,ব্রাহ্মণবাড়িয়া,কসবা,চরগাছ,৩৪৬৩
3464,চট্টগ্রাম,ব্রাহ্মণবাড়িয়া,কসবা,গোপীনাথপুর,৩৪৬৪
3460,চট্টগ্রাম,ব্রাহ্মণবাড়িয়া,কসবা,কসবা,৩৪৬০
3461,চট্টগ্রাম,ব্রাহ্মণবাড়িয়া,কসবা,কুটি,৩৪৬১
3419,চট্টগ্রাম,ব্রাহ্মণবাড়িয়া,নবীনগর,জীবনগঞ্জ,৩৪১৯
3417,চট্টগ্রাম,ব্রাহ্মণবাড়িয়া,নবীনগর,কাইতলা,৩৪১৭
3411,চট্টগ্রাম,ব্রাহ্মণবাড়িয়া,নবীনগর,লাউফতেহপুর,৩৪১১
3410,চট্টগ্রাম,ব্রাহ্মণবাড়িয়া,নবীনগর,নবীনগর,৩৪১০
3412,চট্টগ্রাম,ব্রাহ্মণবাড়িয়া,নবীনগর,রসুল্লাবাদ,৩৪১২
3414,চট্টগ্রাম,ব্রাহ্মণবাড়িয়া,নবীনগর,রতনপুর,৩৪১৪
3418,চট্টগ্রাম,ব্রাহ্মণবাড়িয়া,নবীনগর,ছলিমগঞ্জ,৩৪১৮
3415,চট্টগ্রাম,ব্রাহ্মণবাড়িয়া,নবীনগর,শাহপুর,৩৪১৫
3413,চট্টগ্রাম,ব্রাহ্মণবাড়িয়া,নবীনগর,শ্যামগ্রাম,৩৪১৩
3441,চট্টগ্রাম,ব্রাহ্মণবাড়িয়া,নাসিরনগর,ফান্দাউক,৩৪৪১
3440,চট্টগ্রাম,ব্রাহ্মণবাড়িয়া,নাসিরনগর,নাসিরনগর,৩৪৪০
3432,চট্টগ্রাম,ব্রাহ্মণবাড়িয়া,সরাইল,চান্দুরা,৩৪৩২
3430,চট্টগ্রাম,ব্রাহ্মণবাড়িয়া,সরাইল,সরাইল,৩৪৩০
3431,চট্টগ্রাম,ব্রাহ্মণবাড়িয়া,সরাইল,শাহবাজপুর,৩৪৩১
3602,চট্টগ্রাম,চাঁদপুর,চাঁদপুর সদর,বাবুরহাট,৩৬০২
3600,চট্টগ্রাম,চাঁদপুর,চাঁদপুর সদর,চাঁদপুর সদর,৩৬০০
3601,চট্টগ্রাম,চাঁদপুর,চাঁদপুর সদর,পুরানবাজারের,৩৬০১
3603,চট্টগ্রাম,চাঁদপুর,চাঁদপুর সদর,সাহাতালি,৩৬০৩
3651,চট্টগ্রাম,চাঁদপুর,ফরিদগঞ্জ,চন্দ্র,৩৬৫১
3650,চট্টগ্রাম,চাঁদপুর,ফরিদগঞ্জ,ফরিদগঞ্জ,৩৬৫০
3653,চট্টগ্রাম,চাঁদপুর,ফরিদগঞ্জ,গৃদকালিন্দিয়া,৩৬৫৩
3655,চট্টগ্রাম,চাঁদপুর,ফরিদগঞ্জ,ইসলামপুর শাহ ইসাইন,৩৬৫৫
3654,চট্টগ্রাম,চাঁদপুর,ফরিদগঞ্জ,রামপুরবাজার,৩৬৫৪
3652,চট্টগ্রাম,চাঁদপুর,ফরিদগঞ্জ,রূপসা,৩৬৫২
3611,চট্টগ্রাম,চাঁদপুর,হাজীগঞ্জ,বলাখাল,৩৬১১
3610,চট্টগ্রাম,চাঁদপুর,হাজীগঞ্জ,হাজীগঞ্জ,৩৬১০
3661,চট্টগ্রাম,চাঁদপুর,হাইমচর,গান্ধামারা,৩৬৬১
3660,চট্টগ্রাম,চাঁদপুর,হাইমচর,হাইমচর,৩৬৬০
3630,চট্টগ্রাম,চাঁদপুর,কচুয়া,কচুয়া,৩৬৩০
3631,চট্টগ্রাম,চাঁদপুর,কচুয়া,পাক শ্রীরামপুর,৩৬৩১
3632,চট্টগ্রাম,চাঁদপুর,কচুয়া,রহিমা নগর,৩৬৩২
3633,চট্টগ্রাম,চাঁদপুর,কচুয়া,সাচার,৩৬৩৩
3642,চট্টগ্রাম,চাঁদপুর,মতলবগঞ্জ,কালিপুর,৩৬৪২
3640,চট্টগ্রাম,চাঁদপুর,মতলবগঞ্জ,মতলবগঞ্জ,৩৬৪০
3641,চট্টগ্রাম,চাঁদপুর,মতলবগঞ্জ,মোহনপুর,৩৬৪১
3623,চট্টগ্রাম,চাঁদপুর,শাহরাস্তি,ছোটোশি,৩৬২৩
3624,চট্টগ্রাম,চাঁদপুর,শাহরাস্তি,ইসলামিয়া মাদ্রাসা,৩৬২৪
3621,চট্টগ্রাম,চাঁদপুর,শাহরাস্তি,খিলাবাজার,৩৬২১
3622,চট্টগ্রাম,চাঁদপুর,শাহরাস্তি,পশ্চিম খেরিহার,৩৬২২
3620,চট্টগ্রাম,চাঁদপুর,শাহরাস্তি,শাহরাস্তি,৩৬২০
4376,চট্টগ্রাম,চট্টগ্রাম,আনোয়ারা,আনোয়ারা,৪৩৭৬
4378,চট্টগ্রাম,চট্টগ্রাম,আনোয়ারা,বটতলি,৪৩৭৮
4377,চট্টগ্রাম,চট্টগ্রাম,আনোয়ারা,পরৈকোড়া,৪৩৭৭
4366,চট্টগ্রাম,চট্টগ্রাম,বোয়ালখালী,বোয়ালখালী,৪৩৬৬
4369,চট্টগ্রাম,চট্টগ্রাম,বোয়ালখালী,চরণদ্বীপ,৪৩৬৯
4365,চট্টগ্রাম,চট্টগ্রাম,বোয়ালখালী,ইকবাল পার্ক,৪৩৬৫
4368,চট্টগ্রাম,চট্টগ্রাম,বোয়ালখালী,কদুরখিল,৪৩৬৮
4363,চট্টগ্রাম,চট্টগ্রাম,বোয়ালখালী,কানুনগোপাড়া,৪৩৬৩
4367,চট্টগ্রাম,চট্টগ্রাম,বোয়ালখালী,সাকপুরা,৪৩৬৭
4364,চট্টগ্রাম,চট্টগ্রাম,বোয়ালখালী,সারোয়াতলী,৪৩৬৪
4221,চট্টগ্রাম,চট্টগ্রাম,চট্টগ্রাম সদর,আল আমিন বাড়ীয়া মাদ্রাসা,৪২২১
4211,চট্টগ্রাম,চট্টগ্রাম,চট্টগ্রাম সদর,আমিন জুট মিলস,৪২১১
4215,চট্টগ্রাম,চট্টগ্রাম,চট্টগ্রাম সদর,আনন্দবাজার,৪২১৫
4210,চট্টগ্রাম,চট্টগ্রাম,চট্টগ্রাম সদর,বায়েজিদ বোস্তামী,৪২১০
4212,চট্টগ্রাম,চট্টগ্রাম,চট্টগ্রাম সদর,চাঁদগাও,৪২১২
4203,চট্টগ্রাম,চট্টগ্রাম,চট্টগ্রাম সদর,চকবাজার,৪২০৩
4220,চট্টগ্রাম,চট্টগ্রাম,চট্টগ্রাম সদর,চট্টগ্রাম সেনানিবাস,৪২২০
4219,চট্টগ্রাম,চট্টগ্রাম,চট্টগ্রাম সদর,চট্টগ্রাম কাস্টমস,৪২১৯
4209,চট্টগ্রাম,চট্টগ্রাম,চট্টগ্রাম সদর,চট্টগ্রাম পলিটেকনিক,৪২০৯
4218,চট্টগ্রাম,চট্টগ্রাম,চট্টগ্রাম সদর,চট্টগ্রাম সেইলার্স কলোনী,৪২১৮
4205,চট্টগ্রাম,চট্টগ্রাম,চট্টগ্রাম সদর,চট্টগ্রাম বিমানবন্দর,৪২০৫
4100,চট্টগ্রাম,চট্টগ্রাম,চট্টগ্রাম সদর,চট্টগ্রাম বন্দর,৪১০০
4000,চট্টগ্রাম,চট্টগ্রাম,চট্টগ্রাম সদর,চট্টগ্রাম জিপিও,৪০০০
4223,চট্টগ্রাম,চট্টগ্রাম,চট্টগ্রাম সদর,রপ্তানি প্রক্রিয়াকরণ,৪২২৩
4207,চট্টগ্রাম,চট্টগ্রাম,চট্টগ্রাম সদর,ফিরোজশাহ কলোনী,৪২০৭
4216,চট্টগ্রাম,চট্টগ্রাম,চট্টগ্রাম সদর,হালিশহর,৪২১৬
4225,চট্টগ্রাম,চট্টগ্রাম,চট্টগ্রাম সদর,খুলশী,৪২২৫
4214,চট্টগ্রাম,চট্টগ্রাম,চট্টগ্রাম সদর,জালালাবাদ,৪২১৪
4206,চট্টগ্রাম,চট্টগ্রাম,চট্টগ্রাম সদর,জলদিয়া মেরিন একাডেমি,৪২০৬
4222,চট্টগ্রাম,চট্টগ্রাম,চট্টগ্রাম সদর,মধ্য পতেঙ্গা,৪২২২
4208,চট্টগ্রাম,চট্টগ্রাম,চট্টগ্রাম সদর,মোহার্ড,৪২০৮
4226,চট্টগ্রাম,চট্টগ্রাম,চট্টগ্রাম সদর,উত্তর হালিশহর,৪২২৬
4217,চট্টগ্রাম,চট্টগ্রাম,চট্টগ্রাম সদর,উত্তর কাট্টলী,৪২১৭
4202,চট্টগ্রাম,চট্টগ্রাম,চট্টগ্রাম সদর,পাহাড়তলী,৪২০২
4204,চট্টগ্রাম,চট্টগ্রাম,চট্টগ্রাম সদর,পতেঙ্গা,৪২০৪
4224,চট্টগ্রাম,চট্টগ্রাম,চট্টগ্রাম সদর,রামপুরা TSO,৪২২৪
4213,চট্টগ্রাম,চট্টগ্রাম,চট্টগ্রাম সদর,ওয়াজেদিয়া,৪২১৩
4383,চট্টগ্রাম,চট্টগ্রাম,পূর্ব জোয়ারা,বর্মা,৪৩৮৩
4382,চট্টগ্রাম,চট্টগ্রাম,পূর্ব জোয়ারা,দোহাজারী,৪৩৮২
4380,চট্টগ্রাম,চট্টগ্রাম,পূর্ব জোয়ারা,পূর্ব জোয়ারা,৪৩৮০
4381,চট্টগ্রাম,চট্টগ্রাম,পূর্ব জোয়ারা,গাছবাড়িয়া,৪৩৮১
4352,চট্টগ্রাম,চট্টগ্রাম,ফটিকছড়ি,ভাণ্ডার শরীফ,৪৩৫২
4350,চট্টগ্রাম,চট্টগ্রাম,ফটিকছড়ি,ফটিকছড়ি,৪৩৫০
4354,চট্টগ্রাম,চট্টগ্রাম,ফটিকছড়ি,হারুয়ালছড়ি,৪৩৫৪
4353,চট্টগ্রাম,চট্টগ্রাম,ফটিকছড়ি,নাজিরহাট,৪৩৫৩
4351,চট্টগ্রাম,চট্টগ্রাম,ফটিকছড়ি,নানুপুর,৪৩৫১
4355,চট্টগ্রাম,চট্টগ্রাম,ফটিকছড়ি,নারায়ণহাট,৪৩৫৫
4331,চট্টগ্রাম,চট্টগ্রাম,হাটহাজারী,চট্টগ্রাম বিশ্ববিদ্যালয়,৪৩৩১
4335,চট্টগ্রাম,চট্টগ্রাম,হাটহাজারী,ফাতেয়াবাদ,৪৩৩৫
4332,চট্টগ্রাম,চট্টগ্রাম,হাটহাজারী,গড়দুয়ারা,৪৩৩২
4330,চট্টগ্রাম,চট্টগ্রাম,হাটহাজারী,হাটহাজারী,৪৩৩০
4333,চট্টগ্রাম,চট্টগ্রাম,হাটহাজারী,কাটিরহাট,৪৩৩৩
4339,চট্টগ্রাম,চট্টগ্রাম,হাটহাজারী,মাদ্রাসা,৪৩৩৯
4334,চট্টগ্রাম,চট্টগ্রাম,হাটহাজারী,মির্জাপুর,৪৩৩৪
4337,চট্টগ্রাম,চট্টগ্রাম,হাটহাজারী,নূরালীবাড়ী,৪৩৩৭
4338,চট্টগ্রাম,চট্টগ্রাম,হাটহাজারী,ইউনূস নগর,৪৩৩৮
4393,চট্টগ্রাম,চট্টগ্রাম,জলদি,বাণীগ্রাম,৪৩৯৩
4392,চট্টগ্রাম,চট্টগ্রাম,জলদি,গুনাগরী,৪৩৯২
4390,চট্টগ্রাম,চট্টগ্রাম,জলদি,জলদি,৪৩৯০
4391,চট্টগ্রাম,চট্টগ্রাম,জলদি,খান বাহাদুর,৪৩৯১
4398,চট্টগ্রাম,চট্টগ্রাম,লোহাগাড়া,চুনতি,৪৩৯৮
4396,চট্টগ্রাম,চট্টগ্রাম,লোহাগাড়া,লোহাগাড়া,৪৩৯৬
4397,চট্টগ্রাম,চট্টগ্রাম,লোহাগাড়া,পদুয়া,৪৩৯৭
4321,চট্টগ্রাম,চট্টগ্রাম,মীরসরাই,আবু তোরাব,৪৩২১
4325,চট্টগ্রাম,চট্টগ্রাম,মীরসরাই,আজমপুর,৪৩২৫
4323,চট্টগ্রাম,চট্টগ্রাম,মীরসরাই,বারইয়ারহাট,৪৩২৩
4322,চট্টগ্রাম,চট্টগ্রাম,মীরসরাই,দারোগাহাট,৪৩২২
4324,চট্টগ্রাম,চট্টগ্রাম,মীরসরাই,জোরগঞ্জ,৪৩২৪
4327,চট্টগ্রাম,চট্টগ্রাম,মীরসরাই,করেরহাট,৪৩২৭
4320,চট্টগ্রাম,চট্টগ্রাম,মীরসরাই,মীরসরাই,৪৩২০
4328,চট্টগ্রাম,চট্টগ্রাম,মীরসরাই,মহাজনহাট,৪৩২৮
4371,চট্টগ্রাম,চট্টগ্রাম,পটিয়া,বুধপাড়া,৪৩৭১
4370,চট্টগ্রাম,চট্টগ্রাম,পটিয়া,পটিয়া প্রধান কার্যালয়,৪৩৭০
4361,চট্টগ্রাম,চট্টগ্রাম,রাঙ্গুনিয়া,ধামাইর,৪৩৬১
4360,চট্টগ্রাম,চট্টগ্রাম,রাঙ্গুনিয়া,রাঙ্গুনিয়া,৪৩৬০
4349,চট্টগ্রাম,চট্টগ্রাম,রাউজান,বি.আই.টি পোস্ট অফিস,৪৩৪৯
4341,চট্টগ্রাম,চট্টগ্রাম,রাউজান,বিনাজুরী,৪৩৪১
4347,চট্টগ্রাম,চট্টগ্রাম,রাউজান,দেওয়ানপুর,৪৩৪৭
4345,চট্টগ্রাম,চট্টগ্রাম,রাউজান,ফতেহপুর,৪৩৪৫
4343,চট্টগ্রাম,চট্টগ্রাম,রাউজান,গহীরা,৪৩৪৩
4346,চট্টগ্রাম,চট্টগ্রাম,রাউজান,নোয়াপাড়া,৪৩৪৬
4344,চট্টগ্রাম,চট্টগ্রাম,রাউজান,জগন্নাথ হাট,৪৩৪৪
4342,চট্টগ্রাম,চট্টগ্রাম,রাউজান,কুন্ডেশ্বরী,৪৩৪২
4348,চট্টগ্রাম,চট্টগ্রাম,রাউজান,মোহামনী,৪৩৪৮
4340,চট্টগ্রাম,চট্টগ্রাম,রাউজান,রাউজান,৪৩৪০
4300,চট্টগ্রাম,চট্টগ্রাম,সন্দ্বীপ,সন্দ্বীপ,৪৩০০
4301,চট্টগ্রাম,চট্টগ্রাম,সন্দ্বীপ,শিবেরহাট,৪৩০১
4302,চট্টগ্রাম,চট্টগ্রাম,সন্দ্বীপ,সন্দ্বীপ,৪৩০২
4387,চট্টগ্রাম,চট্টগ্রাম,সাতকানিয়া,বায়তুল ইজ্জত,৪৩৮৭
4388,চট্টগ্রাম,চট্টগ্রাম,সাতকানিয়া,বাজালিয়া,৪৩৮৮
4386,চট্টগ্রাম,চট্টগ্রাম,সাতকানিয়া,সাতকানিয়া,৪৩৮৬
4312,চট্টগ্রাম,চট্টগ্রাম,সীতাকুন্ড,বরফকুণ্ড,৪৩১২
4311,চট্টগ্রাম,চট্টগ্রাম,সীতাকুন্ড,বারৈয়াঢালা,৪৩১১
4313,চট্টগ্রাম,চট্টগ্রাম,সীতাকুন্ড,বাঁশবাড়িয়া,৪৩১৩
4315,চট্টগ্রাম,চট্টগ্রাম,সীতাকুন্ড,ভাটিয়ারী,৪৩১৫
4316,চট্টগ্রাম,চট্টগ্রাম,সীতাকুন্ড,ফৌজদারহাট,৪৩১৬
4317,চট্টগ্রাম,চট্টগ্রাম,সীতাকুন্ড,জাফরাবাদ,৪৩১৭
4314,চট্টগ্রাম,চট্টগ্রাম,সীতাকুন্ড,কুমিরা,৪৩১৪
4310,চট্টগ্রাম,চট্টগ্রাম,সীতাকুন্ড,সীতাকুন্ড,৪৩১০
3560,চট্টগ্রাম,কুমিল্লা,বরুড়া,বরুড়া,৩৫৬০
3562,চট্টগ্রাম,কুমিল্লা,বরুড়া,মুদাফরগঞ্জ,৩৫৬২
3561,চট্টগ্রাম,কুমিল্লা,বরুড়া,পয়ালগাছা,৩৫৬১
3526,চট্টগ্রাম,কুমিল্লা,ব্রাহ্মণপাড়া,ব্রাহ্মণপাড়া,৩৫২৬
3520,চট্টগ্রাম,কুমিল্লা,বুড়িচং,বুড়িচং,৩৫২০
3521,চট্টগ্রাম,কুমিল্লা,বুড়িচং,ময়নামতি বাজার,৩৫২১
3510,চট্টগ্রাম,কুমিল্লা,চান্দিনা,চান্দিনা,৩৫১০
3511,চট্টগ্রাম,কুমিল্লা,চান্দিনা,মাধাইয়া বাজার,৩৫১১
3551,চট্টগ্রাম,কুমিল্লা,চৌদ্দগ্রাম,বাতিসা,৩৫৫১
3552,চট্টগ্রাম,কুমিল্লা,চৌদ্দগ্রাম,চিওড়া,৩৫৫২
3550,চট্টগ্রাম,কুমিল্লা,চৌদ্দগ্রাম,চৌদ্দগ্রাম,৩৫৫০
3501,চট্টগ্রাম,কুমিল্লা,কুমিল্লা সদর,কুমিল্লা সেনানিবাস,৩৫০১
3500,চট্টগ্রাম,কুমিল্লা,কুমিল্লা সদর,কুমিল্লা সদর,৩৫০০
3503,চট্টগ্রাম,কুমিল্লা,কুমিল্লা সদর,কোটবাড়ী,৩৫০৩
3502,চট্টগ্রাম,কুমিল্লা,কুমিল্লা সদর,হালিমানগর,৩৫০২
3504,চট্টগ্রাম,কুমিল্লা,কুমিল্লা সদর,সুয়াগঞ্জ,৩৫০৪
3518,চট্টগ্রাম,কুমিল্লা,দাউদকান্দি,দাশপাড়া,৩৫১৮
3516,চট্টগ্রাম,কুমিল্লা,দাউদকান্দি,দাউদকান্দি,৩৫১৬
3519,চট্টগ্রাম,কুমিল্লা,দাউদকান্দি,ইলিয়টগঞ্জ,৩৫১৯
3517,চট্টগ্রাম,কুমিল্লা,দাউদকান্দি,গৌরীপুর,৩৫১৭
3532,চট্টগ্রাম,কুমিল্লা,দেবিদ্বার,বড়শালঘর,৩৫৩২
3530,চট্টগ্রাম,কুমিল্লা,দেবিদ্বার,দেবিদ্বার,৩৫৩০
3533,চট্টগ্রাম,কুমিল্লা,দেবিদ্বার,ধামতী,৩৫৩৩
3531,চট্টগ্রাম,কুমিল্লা,দেবিদ্বার,গঙ্গামন্ডল,৩৫৩১
3546,চট্টগ্রাম,কুমিল্লা,হোমনা,হোমনা,৩৫৪৬
3572,চট্টগ্রাম,কুমিল্লা,লাকসাম,বিপুলাসার,৩৫৭২
3570,চট্টগ্রাম,কুমিল্লা,লাকসাম,লাকসাম,৩৫৭০
3571,চট্টগ্রাম,কুমিল্লা,লাকসাম,লাকসাম,৩৫৭১
3582,চট্টগ্রাম,কুমিল্লা,নাঙ্গলকোট,বটতলী বাজার,৩৫৮২
3581,চট্টগ্রাম,কুমিল্লা,নাঙ্গলকোট,ঢালুয়া,৩৫৮১
3583,চট্টগ্রাম,কুমিল্লা,নাঙ্গলকোট,গুণবতী,৩৫৮৩
3580,চট্টগ্রাম,কুমিল্লা,নাঙ্গলকোট,নাঙ্গলকোট,৩৫৮০
3543,চট্টগ্রাম,কুমিল্লা,মুরাদনগর,বাঙ্গরা,৩৫৪৩
3542,চট্টগ্রাম,কুমিল্লা,মুরাদনগর,কোম্পানীগঞ্জ,৩৫৪২
3540,চট্টগ্রাম,কুমিল্লা,মুরাদনগর,মুরাদনগর,৩৫৪০
3545,চট্টগ্রাম,কুমিল্লা,মুরাদনগর,পান্তি বাজার,৩৫৪৫
3541,চট্টগ্রাম,কুমিল্লা,মুরাদনগর,রামচন্দ্রপুর,৩৫৪১
3544,চট্টগ্রাম,কুমিল্লা,মুরাদনগর,সোনাকান্দা,৩৫৪৪
4742,চট্টগ্রাম,কক্সবাজার,চিরিঙ্গা,বদরখালী,৪৭৪২
4740,চট্টগ্রাম,কক্সবাজার,চিরিঙ্গা,চিরিঙ্গা,৪৭৪০
4741,চট্টগ্রাম,কক্সবাজার,চিরিঙ্গা,চিরিঙ্গা S.O,৪৭৪১
4743,চট্টগ্রাম,কক্সবাজার,চিরিঙ্গা,মালুমঘাট,৪৭৪৩
4700,চট্টগ্রাম,কক্সবাজার,কক্সবাজার সদর,কক্সবাজার সদর,৪৭০০
4702,চট্টগ্রাম,কক্সবাজার,কক্সবাজার সদর,ঈদগাঁও,৪৭০২
4701,চট্টগ্রাম,কক্সবাজার,কক্সবাজার সদর,ঝিলংজা,৪৭০১
4710,চট্টগ্রাম,কক্সবাজার,গোরকঘাট,গোরকঘাট,৪৭১০
4720,চট্টগ্রাম,কক্সবাজার,কুতুবদিয়া,কুতুবদিয়া,৪৭২০
4730,চট্টগ্রাম,কক্সবাজার,রামু,রামু,৪৭৩০
4761,চট্টগ্রাম,কক্সবাজার,টেকনাফ,হ্নীলা,৪৭৬১
4762,চট্টগ্রাম,কক্সবাজার,টেকনাফ,সেন্টমার্টিন,৪৭৬২
4760,চট্টগ্রাম,কক্সবাজার,টেকনাফ,টেকনাফ,৪৭৬০
4750,চট্টগ্রাম,কক্সবাজার,উখিয়া,উখিয়া,৪৭৫০
3910,চট্টগ্রাম,ফেনী,ছাগলনাইয়া,ছাগলনাইয়া,৩৯১০
3912,চট্টগ্রাম,ফেনী,ছাগলনাইয়া,দারোগাহাট,৩৯১২
3911,চট্টগ্রাম,ফেনী,ছাগলনাইয়া,মহারাজগঞ্জ,৩৯১১
3913,চট্টগ্রাম,ফেনী,ছাগলনাইয়া,পূর্ব শিমুলিয়া,৩৯১৩
3922,চট্টগ্রাম,ফেনী,দাগনভূঞা,ছিলোনিয়া,৩৯২২
3920,চট্টগ্রাম,ফেনী,দাগনভূঞা,দাগনভূঞা,৩৯২০
3921,চট্টগ্রাম,ফেনী,দাগনভূঞা,দুধমুখা,৩৯২১
3923,চট্টগ্রাম,ফেনী,দাগনভূঞা,রাজাপুর,৩৯২৩
3901,চট্টগ্রাম,ফেনী,ফেনী সদর,ফাজিলপুর,৩৯০১
3900,চট্টগ্রাম,ফেনী,ফেনী সদর,ফেনী সদর,৩৯০০
3903,চট্টগ্রাম,ফেনী,ফেনী সদর,লস্করহাট,৩৯০৩
3902,চট্টগ্রাম,ফেনী,ফেনী সদর,শর্শদি,৩৯০২
3942,চট্টগ্রাম,ফেনী,পশুরামপুর,ফুলগাজী,৩৯৪২
3943,চট্টগ্রাম,ফেনী,পশুরামপুর,মুন্সিরহাট,৩৯৪৩
3940,চট্টগ্রাম,ফেনী,পশুরামপুর,পশুরামপুর,৩৯৪০
3941,চট্টগ্রাম,ফেনী,পশুরামপুর,শুড়বাজার,৩৯৪১
3932,চট্টগ্রাম,ফেনী,সোনাগাজী,আহমদপুর,৩৯৩২
3933,চট্টগ্রাম,ফেনী,সোনাগাজী,কাজিরহাট,৩৯৩৩
3931,চট্টগ্রাম,ফেনী,সোনাগাজী,মতিগঞ্জ,৩৯৩১
3930,চট্টগ্রাম,ফেনী,সোনাগাজী,সোনাগাজী,৩৯৩০
4420,চট্টগ্রাম,খাগড়াছড়ি,দীঘিনালা,দীঘিনালা,৪৪২০
4400,চট্টগ্রাম,খাগড়াছড়ি,খাগড়াছড়ি সদর,খাগড়াছড়ি সদর,৪৪০০
4470,চট্টগ্রাম,খাগড়াছড়ি,লক্ষ্মীছড়ি,লক্ষ্মীছড়ি,৪৪৭০
4430,চট্টগ্রাম,খাগড়াছড়ি,মহালছড়ি,মহালছড়ি,৪৪৩০
4460,চট্টগ্রাম,খাগড়াছড়ি,মানিকছড়ি,মানিকছড়ি,৪৪৬০
4450,চট্টগ্রাম,খাগড়াছড়ি,মাটিরাঙ্গা,মাটিরাঙ্গা,৪৪৫০
4410,চট্টগ্রাম,খাগড়াছড়ি,পানছড়ি,পানছড়ি,৪৪১০
4440,চট্টগ্রাম,খাগড়াছড়ি,রামগড় প্রধান কার্যালয়,রামগড় প্রধান কার্যালয়,৪৪৪০
3730,চট্টগ্রাম,লক্ষ্মীপুর,চর আলেক্সজান্ডার,চর আলেক্সজান্ডার,৩৭৩০
3731,চট্টগ্রাম,লক্ষ্মীপুর,চর আলেক্সজান্ডার,হাজীরঘাট,৩৭৩১
3732,চট্টগ্রাম,লক্ষ্মীপুর,চর আলেক্সজান্ডার,রামগতিরহাট,৩৭৩২
3709,চট্টগ্রাম,লক্ষ্মীপুর,লক্ষ্মীপুর সদর,আমানি থেকে লক্ষ্মীপুর,৩৭০৯
3702,চট্টগ্রাম,লক্ষ্মীপুর,লক্ষ্মীপুর সদর,ভবানীগঞ্জ,৩৭০২
3708,চট্টগ্রাম,লক্ষ্মীপুর,লক্ষ্মীপুর সদর,চন্দ্রগঞ্জ,৩৭০৮
3707,চট্টগ্রাম,লক্ষ্মীপুর,লক্ষ্মীপুর সদর,চৌপল্লী,৩৭০৭
3701,চট্টগ্রাম,লক্ষ্মীপুর,লক্ষ্মীপুর সদর,দালাল বাজার,৩৭০১
3706,চট্টগ্রাম,লক্ষ্মীপুর,লক্ষ্মীপুর সদর,দত্তপাড়া,৩৭০৬
3704,চট্টগ্রাম,লক্ষ্মীপুর,লক্ষ্মীপুর সদর,কেরামতগঞ্জ,৩৭০৪
3700,চট্টগ্রাম,লক্ষ্মীপুর,লক্ষ্মীপুর সদর,লক্ষ্মীপুর সদর,৩৭০০
3703,চট্টগ্রাম,লক্ষ্মীপুর,লক্ষ্মীপুর সদর,মান্দারী,৩৭০৩
3705,চট্টগ্রাম,লক্ষ্মীপুর,লক্ষ্মীপুর সদর,রুপছড়া,৩৭০৫
3721,চট্টগ্রাম,লক্ষ্মীপুর,রামগঞ্জ,আলীপুর,৩৭২১
3725,চট্টগ্রাম,লক্ষ্মীপুর,রামগঞ্জ,দলতা,৩৭২৫
3723,চট্টগ্রাম,লক্ষ্মীপুর,রামগঞ্জ,কাঞ্চনপুর,৩৭২৩
3724,চট্টগ্রাম,লক্ষ্মীপুর,রামগঞ্জ,নাগমুদ,৩৭২৪
3722,চট্টগ্রাম,লক্ষ্মীপুর,রামগঞ্জ,পানপাড়া,৩৭২২
3720,চট্টগ্রাম,লক্ষ্মীপুর,রামগঞ্জ,রামগঞ্জ,৩৭২০
3714,চট্টগ্রাম,লক্ষ্মীপুর,রায়পুর,ভুয়াবাড়ি,৩৭১৪
3713,চট্টগ্রাম,লক্ষ্মীপুর,রায়পুর,হায়দারগঞ্জ,৩৭১৩
3712,চট্টগ্রাম,লক্ষ্মীপুর,রায়পুর,নাগের দিঘীরপাড়,৩৭১২
3711,চট্টগ্রাম,লক্ষ্মীপুর,রায়পুর,রাখালিয়া,৩৭১১
3710,চট্টগ্রাম,লক্ষ্মীপুর,রায়পুর,রায়পুর,৩৭১০
3850,চট্টগ্রাম,নোয়াখালী,বসুরহাট,বসুরহাট,৩৮৫০
3851,চট্টগ্রাম,নোয়াখালী,বসুরহাট,চারহাজারী,৩৮৫১
3831,চট্টগ্রাম,নোয়াখালী,বেগমগঞ্জ,আলায়ারপুর,৩৮৩১
3847,চট্টগ্রাম,নোয়াখালী,বেগমগঞ্জ,আমিশাপাড়া,৩৮৪৭
3822,চট্টগ্রাম,নোয়াখালী,বেগমগঞ্জ,বাংলাবাজার,৩৮২২
3824,চট্টগ্রাম,নোয়াখালী,বেগমগঞ্জ,বজরা,৩৮২৪
3820,চট্টগ্রাম,নোয়াখালী,বেগমগঞ্জ,বেগমগঞ্জ,৩৮২০
3837,চট্টগ্রাম,নোয়াখালী,বেগমগঞ্জ,ভবানী জীবনপুর,৩৮৩৭
3821,চট্টগ্রাম,নোয়াখালী,বেগমগঞ্জ,চৌমুহনি,৩৮২১
3843,চট্টগ্রাম,নোয়াখালী,বেগমগঞ্জ,দাউতি,৩৮৪৩
3848,চট্টগ্রাম,নোয়াখালী,বেগমগঞ্জ,দুর্গাপুর,৩৮৪৮
3828,চট্টগ্রাম,নোয়াখালী,বেগমগঞ্জ,গোপালপুর,৩৮২৮
3825,চট্টগ্রাম,নোয়াখালী,বেগমগঞ্জ,জমিদারহাট,৩৮২৫
3844,চট্টগ্রাম,নোয়াখালী,বেগমগঞ্জ,জয়াগ,৩৮৪৪
3829,চট্টগ্রাম,নোয়াখালী,বেগমগঞ্জ,জয়-নারায়ণপুর,৩৮২৯
3833,চট্টগ্রাম,নোয়াখালী,বেগমগঞ্জ,খলিফাত বাজার,৩৮৩৩
3842,চট্টগ্রাম,নোয়াখালী,বেগমগঞ্জ,খালিশপুর,৩৮৪২
3838,চট্টগ্রাম,নোয়াখালী,বেগমগঞ্জ,মহেষগঞ্জ,৩৮৩৮
3823,চট্টগ্রাম,নোয়াখালী,বেগমগঞ্জ,মীরওয়ারিশপুর,৩৮২৩
3839,চট্টগ্রাম,নোয়াখালী,বেগমগঞ্জ,নাদোনা,৩৮৩৯
3841,চট্টগ্রাম,নোয়াখালী,বেগমগঞ্জ,নন্দিয়াপাড়া,৩৮৪১
3835,চট্টগ্রাম,নোয়াখালী,বেগমগঞ্জ,ওয়াসেকপুর,৩৮৩৫
3834,চট্টগ্রাম,নোয়াখালী,বেগমগঞ্জ,রাজগঞ্জ,৩৮৩৪
3827,চট্টগ্রাম,নোয়াখালী,বেগমগঞ্জ,সোনাইমুড়ি,৩৮২৭
3832,চট্টগ্রাম,নোয়াখালী,বেগমগঞ্জ,টঙ্গীরপাড়,৩৮৩২
3845,চট্টগ্রাম,নোয়াখালী,বেগমগঞ্জ,থানার হাট,৩৮৪৫
3879,চট্টগ্রাম,নোয়াখালী,চাটখিল,বাঁশবাজার,৩৮৭৯
3873,চট্টগ্রাম,নোয়াখালী,চাটখিল,বদলকোট,৩৮৭৩
3870,চট্টগ্রাম,নোয়াখালী,চাটখিল,চাটখিল,৩৮৭০
3878,চট্টগ্রাম,নোয়াখালী,চাটখিল,দশদিন ঘড়িয়া,৩৮৭৮
3877,চট্টগ্রাম,নোয়াখালী,চাটখিল,কড়িহাটি,৩৮৭৭
3872,চট্টগ্রাম,নোয়াখালী,চাটখিল,খিলপাড়া,৩৮৭২
3871,চট্টগ্রাম,নোয়াখালী,চাটখিল,পাল্লা,৩৮৭১
3874,চট্টগ্রাম,নোয়াখালী,চাটখিল,রেজ্জাকপুর,৩৮৭৪
3881,চট্টগ্রাম,নোয়াখালী,চাটখিল,সাহাপুর,৩৮৮১
3882,চট্টগ্রাম,নোয়াখালী,চাটখিল,শম্পার,৩৮৮২
3883,চট্টগ্রাম,নোয়াখালী,চাটখিল,সিংবাহুড়া,৩৮৮৩
3875,চট্টগ্রাম,নোয়াখালী,চাটখিল,শল্লা,৩৮৭৫
3891,চট্টগ্রাম,নোয়াখালী,হাতিয়া,আফাজিয়া,৩৮৯১
3890,চট্টগ্রাম,নোয়াখালী,হাতিয়া,হাতিয়া,৩৮৯০
3892,চট্টগ্রাম,নোয়াখালী,হাতিয়া,তমরুদ্দি,৩৮৯২
3811,চট্টগ্রাম,নোয়াখালী,নোয়াখালী সদর,চাপরাশির হাট,৩৮১১
3812,চট্টগ্রাম,নোয়াখালী,নোয়াখালী সদর,চর জব্বার,৩৮১২
3809,চট্টগ্রাম,নোয়াখালী,নোয়াখালী সদর,চরমটুয়া,৩৮০৯
3803,চট্টগ্রাম,নোয়াখালী,নোয়াখালী সদর,দীন মনির হাট,৩৮০৩
3807,চট্টগ্রাম,নোয়াখালী,নোয়াখালী সদর,কবিরহাট,৩৮০৭
3808,চট্টগ্রাম,নোয়াখালী,নোয়াখালী সদর,খলিফার হাট,৩৮০৮
3806,চট্টগ্রাম,নোয়াখালী,নোয়াখালী সদর,মৃদ্দারহাট,৩৮০৬
3801,চট্টগ্রাম,নোয়াখালী,নোয়াখালী সদর,নোয়াখালী কলেজ,৩৮০১
3800,চট্টগ্রাম,নোয়াখালী,নোয়াখালী সদর,নোয়াখালী সদর,৩৮০০
3804,চট্টগ্রাম,নোয়াখালী,নোয়াখালী সদর,পাক কিশোরগঞ্জ,৩৮০৪
3802,চট্টগ্রাম,নোয়াখালী,নোয়াখালী সদর,সোনাপুর,৩৮০২
3862,চট্টগ্রাম,নোয়াখালী,সেনবাগ,বীজবাগ,৩৮৬২
3864,চট্টগ্রাম,নোয়াখালী,সেনবাগ,ছাতারপাইয়া,৩৮৬৪
3861,চট্টগ্রাম,নোয়াখালী,সেনবাগ,কল্যান্দী,৩৮৬১
3863,চট্টগ্রাম,নোয়াখালী,সেনবাগ,কানকিরহাট,৩৮৬৩
3860,চট্টগ্রাম,নোয়াখালী,সেনবাগ,সেনবাগ,৩৮৬০
3865,চট্টগ্রাম,নোয়াখালী,সেনবাগ,টি.পি. লেমুয়া,৩৮৬৫
4570,চট্টগ্রাম,রাঙ্গামাটি,বরকল,বরকল,৪৫৭০
4550,চট্টগ্রাম,রাঙ্গামাটি,বিলাইছড়ি,বিলাইছড়ি,৪৫৫০
4560,চট্টগ্রাম,রাঙ্গামাটি,জুরাছড়ি,জুরাছড়ি,৪৫৬০
4511,চট্টগ্রাম,রাঙ্গামাটি,কলমপতি,বেতবুনিয়া,৪৫১১
4510,চট্টগ্রাম,রাঙ্গামাটি,কলমপতি,কলমপতি,৪৫১০
4531,চট্টগ্রাম,রাঙ্গামাটি,কাপ্তাই,চন্দ্রঘোনার,৪৫৩১
4530,চট্টগ্রাম,রাঙ্গামাটি,কাপ্তাই,কাপ্তাই,৪৫৩০
4533,চট্টগ্রাম,রাঙ্গামাটি,কাপ্তাই,কাপ্তাই নতুন বাজার,৪৫৩৩
4532,চট্টগ্রাম,রাঙ্গামাটি,কাপ্তাই,কাপ্তাই প্রকল্প,৪৫৩২
4580,চট্টগ্রাম,রাঙ্গামাটি,লংগাছ,লংগাছ,৪৫৮০
4590,চট্টগ্রাম,রাঙ্গামাটি,মারিশ্যা,মারিশ্যা,৪৫৯০
4520,চট্টগ্রাম,রাঙ্গামাটি,নানিয়ারচর,নানিচর,৪৫২০
4540,চট্টগ্রাম,রাঙ্গামাটি,রাজস্থালি,রাজস্থালি,৪৫৪০
4500,চট্টগ্রাম,রাঙ্গামাটি,রাঙ্গামাটি সদর,রাঙ্গামাটি সদর,৪৫০০
5270,রংপুর,দিনাজপুর,বাংলা হিলি,বাংলা হিলি,৫২৭০
5210,রংপুর,দিনাজপুর,বিরল,বিরল,৫২১০
5266,রংপুর,দিনাজপুর,বিরামপুর,বিরামপুর,৫২৬৬
5220,রংপুর,দিনাজপুর,বীরগঞ্জ,বীরগঞ্জ,৫২২০
5240,রংপুর,দিনাজপুর,চিরিরবন্দর,চিরিরবন্দর,৫২৪০
5241,রংপুর,দিনাজপুর,চিরিরবন্দর,রাণীরবন্দর,৫২৪১
5201,রংপুর,দিনাজপুর,দিনাজপুর সদর,দিনাজপুর রাজবাড়ী,৫২০১
5200,রংপুর,দিনাজপুর,দিনাজপুর সদর,দিনাজপুর সদর,৫২০০
5230,রংপুর,দিনাজপুর,খানসামা,খানসামা,৫২৩০
5231,রংপুর,দিনাজপুর,খানসামা,পাকেরহাট,৫২৩১
5226,রংপুর,দিনাজপুর,মহারাজগঞ্জ,মহারাজগঞ্জ,৫২২৬
5281,রংপুর,দিনাজপুর,নবাবগঞ্জ,দাউদপুর,৫২৮১
5282,রংপুর,দিনাজপুর,নবাবগঞ্জ,গোপালপুর,৫২৮২
5280,রংপুর,দিনাজপুর,নবাবগঞ্জ,নবাবগঞ্জ,৫২৮০
5291,রংপুর,দিনাজপুর,ওসমানপুর,ঘোড়াঘাট,৫২৯১
5290,রংপুর,দিনাজপুর,ওসমানপুর,ওসমানপুর,৫২৯০
5250,রংপুর,দিনাজপুর,পার্বতীপুর,পার্বতীপুর,৫২৫০
5260,রংপুর,দিনাজপুর,ফুলবাড়ী,ফুলবাড়ী,৫২৬০
5216,রংপুর,দিনাজপুর,সেতাবগঞ্জ,সেতাবগঞ্জ,৫২১৬
5750,রংপুর,গাইবান্ধা,বোনারপাড়া,বোনারপাড়া,৫৭৫০
5751,রংপুর,গাইবান্ধা,বোনারপাড়া,সাঘাটা,৫৭৫১
5700,রংপুর,গাইবান্ধা,গাইবান্ধা সদর,গাইবান্ধা সদর,৫৭০০
5740,রংপুর,গাইবান্ধা,গোবিন্দগঞ্জ,গোবিন্দগঞ্জ,৫৭৪০
5741,রংপুর,গাইবান্ধা,গোবিন্দগঞ্জ,মহিমাগঞ্জ,৫৭৪১
5730,রংপুর,গাইবান্ধা,পলাশবাড়ী,পলাশবাড়ী,৫৭৩০
5761,রংপুর,গাইবান্ধা,ফুলছড়ি,ভরতখালী,৫৭৬১
5760,রংপুর,গাইবান্ধা,ফুলছড়ি,ফুলছড়ি,৫৭৬০
5711,রংপুর,গাইবান্ধা,সাদুল্লাপুর,নলডাঙ্গা,৫৭১১
5710,রংপুর,গাইবান্ধা,সাদুল্লাপুর,সাদুল্লাপুর,৫৭১০
5721,রংপুর,গাইবান্ধা,সুন্দরগঞ্জ,বামনডাঙ্গা,৫৭২১
5720,রংপুর,গাইবান্ধা,সুন্দরগঞ্জ,সুন্দরগঞ্জ,৫৭২০
5670,রংপুর,কুড়িগ্রাম,ভূরুঙ্গামারী,ভূরুঙ্গামারী,৫৬৭০
5630,রংপুর,কুড়িগ্রাম,চিলমারী,চিলমারী,৫৬৩০
5631,রংপুর,কুড়িগ্রাম,চিলমারী,জোড়গাছা,৫৬৩১
5600,রংপুর,কুড়িগ্রাম,কুড়িগ্রাম সদর,কুড়িগ্রাম সদর,৫৬০০
5601,রংপুর,কুড়িগ্রাম,কুড়িগ্রাম সদর,পান্ডুল,৫৬০১
5680,রংপুর,কুড়িগ্রাম,কুড়িগ্রাম সদর,ফুলবাড়ী,৫৬৮০
5660,রংপুর,কুড়িগ্রাম,নাগেশ্বর,নাগেশ্বর,৫৬৬০
5611,রংপুর,কুড়িগ্রাম,রাজারহাট,নাজিমখান,৫৬১১
5650,রংপুর,কুড়িগ্রাম,রাজিবপুর,রাজিবপুর,৫৬৫০
5640,রংপুর,কুড়িগ্রাম,রৌমারী,রৌমারী,৫৬৪০
5621,রংপুর,কুড়িগ্রাম,উলিপুর,বাজারহাট,৫৬২১
5620,রংপুর,কুড়িগ্রাম,উলিপুর,উলিপুর,৫৬২০
5510,রংপুর,লালমনিরহাট,আদিতমারী,আদিতমারী,৫৫১০
5530,রংপুর,লালমনিরহাট,হাতীবান্ধা,হাতীবান্ধা,৫৫৩০
5502,রংপুর,লালমনিরহাট,লালমনিরহাট সদর,কুলাঘাট SO,৫৫০২
5500,রংপুর,লালমনিরহাট,লালমনিরহাট সদর,লালমনিরহাট সদর,৫৫০০
5501,রংপুর,লালমনিরহাট,লালমনিরহাট সদর,মোগলহাট,৫৫০১
5541,রংপুর,লালমনিরহাট,পাটগ্রাম,বাউরা,৫৫৪১
5542,রংপুর,লালমনিরহাট,পাটগ্রাম,বুড়িমারী,৫৫৪২
5540,রংপুর,লালমনিরহাট,পাটগ্রাম,পাটগ্রাম,৫৫৪০
5520,রংপুর,লালমনিরহাট,তুষভান্ডার,তুষভান্ডার,৫৫২০
5350,রংপুর,নীলফামারী,ডিমলা,ডিমলা,৫৩৫০
5351,রংপুর,নীলফামারী,ডিমলা,ঘাগা খড়িবাড়ি,৫৩৫১
5341,রংপুর,নীলফামারী,ডোমার,চিলাহাটি,৫৩৪১
5340,রংপুর,নীলফামারী,ডোমার,ডোমার,৫৩৪০
5330,রংপুর,নীলফামারী,জলঢাকা,জলঢাকা,৫৩৩০
5320,রংপুর,নীলফামারী,কিশোরীগঞ্জ,কিশোরীগঞ্জ,৫৩২০
5300,রংপুর,নীলফামারী,নীলফামারী সদর,নীলফামারী সদর,৫৩০০
5301,রংপুর,নীলফামারী,নীলফামারী সদর,নীলফামারী চিনি মিল,৫৩০১
5310,রংপুর,নীলফামারী,সৈয়দপুর,সৈয়দপুর,৫৩১০
5311,রংপুর,নীলফামারী,সৈয়দপুর,সৈয়দপুর উপশহর,৫৩১১
5010,রংপুর,পঞ্চগড়,বোদা,বোদা,৫০১০
5041,রংপুর,পঞ্চগড়,ছোট্ট ডাবের,মির্জাপুর,৫০৪১
5020,রংপুর,পঞ্চগড়,দেবীগঞ্জ,দেবীগঞ্জ,৫০২০
5000,রংপুর,পঞ্চগড়,পঞ্চগড় সদর,পঞ্চগড় সদর,৫০০০
5030,রংপুর,পঞ্চগড়,তেঁতুলিয়া,তেঁতুলিয়া,৫০৩০
5420,রংপুর,রংপুর,তারাগঞ্জ,তারাগঞ্জ,৫৪২০
5431,রংপুর,রংপুর,বদরগঞ্জ,শ্যামপুর,৫৪৩১
5410,রংপুর,রংপুর,গঙ্গাচড়া,গঙ্গাচড়া,৫৪১০
5441,রংপুর,রংপুর,কাউনিয়া,হারাগাছ,৫৪৪১
5440,রংপুর,রংপুর,কাউনিয়া,কাউনিয়া,৫৪৪০
5450,রংপুর,রংপুর,পীরগাছা,পীরগাছা,৫৪৫০
5460,রংপুর,রংপুর,মিঠাপুকুর,মিঠাপুকুর,৫৪৬০
5470,রংপুর,রংপুর,পীরগঞ্জ,পীরগঞ্জ,৫৪৭০
5402,রংপুর,রংপুর,রংপুর সদর,আলমনগর,৫৪০২
5403,রংপুর,রংপুর,রংপুর সদর,মাহিগঞ্জ,৫৪০৩
5404,রংপুর,রংপুর,রংপুর সদর,রংপুর ক্যাডেট কলেজ,৫৪০৪
5405,রংপুর,রংপুর,রংপুর সদর,রংপুর কারমাইকেল কলেজ,৫৪০৫
5400,রংপুর,রংপুর,রংপুর সদর,রংপুর সদর,৫৪০০
5401,রংপুর,রংপুর,রংপুর সদর,রংপুর উপশহর,৫৪০১
5430,রংপুর,রংপুর,বদরগঞ্জ,বদরগঞ্জ,৫৪৩০
5140,রংপুর,ঠাকুরগাঁও,বালিয়াডাঙ্গী,বালিয়াডাঙ্গী,৫১৪০
5141,রংপুর,ঠাকুরগাঁও,বালিয়াডাঙ্গী,লাহিড়ি,৫১৪১
5130,রংপুর,ঠাকুরগাঁও,জীবনপুর,জীবনপুর,৫১৩০
5110,রংপুর,ঠাকুরগাঁও,পীরগঞ্জ,পীরগঞ্জ,৫১১০
5121,রংপুর,ঠাকুরগাঁও,রাণীশংকৈল,নেকমরদ,৫১২১
5120,রংপুর,ঠাকুরগাঁও,রাণীশংকৈল,রাণীশংকৈল,৫১২০
5103,রংপুর,ঠাকুরগাঁও,ঠাকুরগাঁও সদর,রুহিয়া,৫১০৩
5102,রংপুর,ঠাকুরগাঁও,ঠাকুরগাঁও সদর,শিবগঞ্জ,৫১০২
5101,রংপুর,ঠাকুরগাঁও,ঠাকুরগাঁও সদর,ঠাকুরগাঁও রোড,৫১০১
5100,রংপুর,ঠাকুরগাঁও,ঠাকুরগাঁও সদর,ঠাকুরগাঁও সদর,৫১০০
5890,রাজশাহী,বগুড়া,আদমদীঘি,আদমদীঘি,৫৮৯০
5892,রাজশাহী,বগুড়া,আদমদীঘি,নশরতপুর,৫৮৯২
5891,রাজশাহী,বগুড়া,আদমদীঘি,সান্তাহার,৫৮৯১
5801,রাজশাহী,বগুড়া,বগুড়া সদর,বগুড়া সেনানিবাস,৫৮০১
5800,রাজশাহী,বগুড়া,বগুড়া সদর,বগুড়া সদর,৫৮০০
5850,রাজশাহী,বগুড়া,ধুনট,ধুনট,৫৮৫০
5851,রাজশাহী,বগুড়া,ধুনট,গোসাইবাড়ি,৫৮৫১
5880,রাজশাহী,বগুড়া,দুপচাঁচিয়া,দুপচাঁচিয়া,৫৮৮০
5881,রাজশাহী,বগুড়া,দুপচাঁচিয়া,তালোড়া,৫৮৮১
5820,রাজশাহী,বগুড়া,গাবতলী,গাবতলী,৫৮২০
5821,রাজশাহী,বগুড়া,গাবতলী,সুখানপুকুর,৫৮২১
5870,রাজশাহী,বগুড়া,কাহালু,কাহালু,৫৮৭০
5860,রাজশাহী,বগুড়া,নন্দীগ্রাম,নন্দীগ্রাম,৫৮৬০
5831,রাজশাহী,বগুড়া,সারিয়াকান্দি,চন্দন বাইশা,৫৮৩১
5830,রাজশাহী,বগুড়া,সারিয়াকান্দি,সারিয়াকান্দি,৫৮৩০
5841,রাজশাহী,বগুড়া,শেরপুর,চান্দাইকোনা,৫৮৪১
5842,রাজশাহী,বগুড়া,শেরপুর,পল্লী উন্নয়ন একাডেমী,৫৮৪২
5840,রাজশাহী,বগুড়া,শেরপুর,শেরপুর,৫৮৪০
5810,রাজশাহী,বগুড়া,শিবগঞ্জ,শিবগঞ্জ,৫৮১০
5826,রাজশাহী,বগুড়া,সোনাতলা,সোনাতলা,৫৮২৬
6330,রাজশাহী,চাঁপাইনবাবগঞ্জ,ভোলাহাট,ভোলাহাট,৬৩৩০
6303,রাজশাহী,চাঁপাইনবাবগঞ্জ,চাঁপাইনবাবগঞ্জ সদর,আমনুরা,৬৩০৩
6300,রাজশাহী,চাঁপাইনবাবগঞ্জ,চাঁপাইনবাবগঞ্জ সদর,চাঁপাইনবাবগঞ্জ সদর,৬৩০০
6301,রাজশাহী,চাঁপাইনবাবগঞ্জ,চাঁপাইনবাবগঞ্জ সদর,রাজারামপুর,৬৩০১
6302,রাজশাহী,চাঁপাইনবাবগঞ্জ,চাঁপাইনবাবগঞ্জ সদর,রামচন্দ্রপুর,৬৩০২
6311,রাজশাহী,চাঁপাইনবাবগঞ্জ,নাচোল,মন্ডুমালা,৬৩১১
6310,রাজশাহী,চাঁপাইনবাবগঞ্জ,নাচোল,নাচোল,৬৩১০
6321,রাজশাহী,চাঁপাইনবাবগঞ্জ,রোহনপুর,গোমস্তাপুর,৬৩২১
6320,রাজশাহী,চাঁপাইনবাবগঞ্জ,রোহনপুর,রোহনপুর,৬৩২০
6341,রাজশাহী,চাঁপাইনবাবগঞ্জ,শিবগঞ্জ U.P.O,কনসার্ট,৬৩৪১
6342,রাজশাহী,চাঁপাইনবাবগঞ্জ,শিবগঞ্জ U.P.O,মনাকষা,৬৩৪২
6340,রাজশাহী,চাঁপাইনবাবগঞ্জ,শিবগঞ্জ U.P.O,শিবগঞ্জ U.P.O,৬৩৪০
5940,রাজশাহী,জয়পুরহাট,আক্কেলপুর,আক্কেলপুর,৫৯৪০
5941,রাজশাহী,জয়পুরহাট,আক্কেলপুর,জামালগঞ্জ,৫৯৪১
5942,রাজশাহী,জয়পুরহাট,আক্কেলপুর,তিলকপুর,৫৯৪২
5900,রাজশাহী,জয়পুরহাট,জয়পুরহাট সদর,জয়পুরহাট সদর,৫৯০০
5930,রাজশাহী,জয়পুরহাট,কালাই,কালাই,৫৯৩০
5920,রাজশাহী,জয়পুরহাট,ক্ষেতলাল,ক্ষেতলাল,৫৯২০
5910,রাজশাহী,জয়পুরহাট,পাঁচবিবি,পাঁচবিবি,৫৯১০
6596,রাজশাহী,নওগাঁ,আহসানগঞ্জ,আহসানগঞ্জ,৬৫৯৬
6597,রাজশাহী,নওগাঁ,আহসানগঞ্জ,বান্দাই,৬৫৯৭
6570,রাজশাহী,নওগাঁ,বদলগাছী,বদলগাছী,৬৫৭০
6580,রাজশাহী,নওগাঁ,ধামুইরহাট,ধামুইরহাট,৬৫৮০
6530,রাজশাহী,নওগাঁ,মহাদেবপুর,মহাদেবপুর,৬৫৩০
6500,রাজশাহী,নওগাঁ,নওগাঁ সদর,নওগাঁ সদর,৬৫০০
6520,রাজশাহী,নওগাঁ,নিয়ামতপুর,নিয়ামতপুর,৬৫২০
6550,রাজশাহী,নওগাঁ,নিতপুর,নিতপুর,৬৫৫০
6552,রাজশাহী,নওগাঁ,নিতপুর,গাঙ্গুরিয়া,৬৫৫২
6551,রাজশাহী,নওগাঁ,নিতপুর,পোরশা,৬৫৫১
6540,রাজশাহী,নওগাঁ,পত্নীতলা,পত্নীতলা,৬৫৪০
6512,রাজশাহী,নওগাঁ,প্রসাদপুর,বলিহার,৬৫১২
6511,রাজশাহী,নওগাঁ,প্রসাদপুর,মান্দা,৬৫১১
6510,রাজশাহী,নওগাঁ,প্রসাদপুর,প্রসাদপুর,৬৫১০
6591,রাজশাহী,নওগাঁ,রানীনগর,কাশিমপুর,৬৫৯১
6590,রাজশাহী,নওগাঁ,রানীনগর,রানীনগর,৬৫৯০
6561,রাজশাহী,নওগাঁ,পত্নীতলা,মধুইল,৬৫৬১
6560,রাজশাহী,নওগাঁ,সাপাহার,সাপাহার,৬৫৬০
6422,রাজশাহী,নাটোর,গোপালপুর Upo,আব্দুলপুর,৬৪২২
6420,রাজশাহী,নাটোর,গোপালপুর Upo,গোপালপুর U.P.O,৬৪২০
6421,রাজশাহী,নাটোর,গোপালপুর Upo,লালপুর S.O,৬৪২১
6432,রাজশাহী,নাটোর,হারুয়া,বড়াইগ্রাম,৬৪৩২
6431,রাজশাহী,নাটোর,হারুয়া,দয়ারামপুর,৬৪৩১
6430,রাজশাহী,নাটোর,হারুয়া,হারুয়া,৬৪৩০
6440,রাজশাহী,নাটোর,হাতগুরুদাসপুর,হাতগুরুদাসপুর,৬৪৪০
6410,রাজশাহী,নাটোর,লক্ষ্মণ,লক্ষ্মণ,৬৪১০
6402,রাজশাহী,নাটোর,নাটোর সদর,বাইদ্দ্যাবল ঘরিয়া,৬৪০২
6401,রাজশাহী,নাটোর,নাটোর সদর,দিঘাপাতিয়া,৬৪০১
6403,রাজশাহী,নাটোর,নাটোর সদর,মাধনগর,৬৪০৩
6400,রাজশাহী,নাটোর,নাটোর সদর,নাটোর সদর,৬৪০০
6450,রাজশাহী,নাটোর,সিংড়া,সিংড়া,৬৪৫০
6650,রাজশাহী,পাবনা,ফরিদপুর,ফরিদপুর,৬৬৫০
6680,রাজশাহী,পাবনা,বেড়া,বেড়া,৬৬৮০
6682,রাজশাহী,পাবনা,বেড়া,কাশিনাথপুর,৬৬৮২
6681,রাজশাহী,পাবনা,বেড়া,নাকালিয়া,৬৬৮১
6683,রাজশাহী,পাবনা,বেড়া,পুরান ভারেঙ্গা,৬৬৮৩
6640,রাজশাহী,পাবনা,ভাঙ্গুরা,ভাঙ্গুরা,৬৬৪০
6630,রাজশাহী,পাবনা,চাটমোহর,চাটমোহর,৬৬৩০
6610,রাজশাহী,পাবনা,আটঘরিয়া,আটঘরিয়া,৬৬১০
6621,রাজশাহী,পাবনা,ঈশ্বরদী,ধাপারী,৬৬২১
6620,রাজশাহী,পাবনা,ঈশ্বরদী,ঈশ্বরদী,৬৬২০
6622,রাজশাহী,পাবনা,ঈশ্বরদী,পাকশী,৬৬২২
6623,রাজশাহী,পাবনা,ঈশ্বরদী,রাজাপুর,৬৬২৩
6602,রাজশাহী,পাবনা,পাবনা সদর,হেমায়েতপুর,৬৬০২
6601,রাজশাহী,পাবনা,পাবনা সদর,কালিকো কটন মিলস,৬৬০১
6600,রাজশাহী,পাবনা,পাবনা সদর,পাবনা সদর,৬৬০০
6670,রাজশাহী,পাবনা,সাঁথিয়া,সাঁথিয়া,৬৬৭০
6661,রাজশাহী,পাবনা,সুজানগর,সাগরকান্দি,৬৬৬১
6660,রাজশাহী,পাবনা,সুজানগর,সুজানগর,৬৬৬০
6281,রাজশাহী,রাজশাহী,বাঘা,আড়ানী,৬২৮১
6280,রাজশাহী,রাজশাহী,বাঘা,বাঘা,৬২৮০
6250,রাজশাহী,রাজশাহী,ভবানীগঞ্জ,ভবানীগঞ্জ,৬২৫০
6251,রাজশাহী,রাজশাহী,ভবানীগঞ্জ,তাহেরপুর,৬২৫১
6270,রাজশাহী,রাজশাহী,চারঘাট,চারঘাট,৬২৭০
6271,রাজশাহী,রাজশাহী,চারঘাট,সারদা,৬২৭১
6240,রাজশাহী,রাজশাহী,দুর্গাপুর,দুর্গাপুর,৬২৪০
6290,রাজশাহী,রাজশাহী,গোদাগাড়ী,গোদাগাড়ী,৬২৯০
6291,রাজশাহী,রাজশাহী,গোদাগাড়ী,প্রেমতলী,৬২৯১
6220,রাজশাহী,রাজশাহী,খোদমোহনপুর,খোদমোহনপুর,৬২২০
6210,রাজশাহী,রাজশাহী,দর্শনপাড়া,দর্শনপাড়া,৬২১০
6211,রাজশাহী,রাজশাহী,ললিতগঞ্জ,রাজশাহী চিনিকল,৬২১১
6212,রাজশাহী,রাজশাহী,ললিতগঞ্জ,শ্যামপুর,৬২১২
6260,রাজশাহী,রাজশাহী,পুঠিয়া,পুঠিয়া,৬২৬০
6206,রাজশাহী,রাজশাহী,রাজশাহী সদর,বিনোদপুর বাজার,৬২০৬
6100,রাজশাহী,রাজশাহী,রাজশাহী সদর,ঘোড়ামারা,৬১০০
6204,রাজশাহী,রাজশাহী,রাজশাহী সদর,কাজলা,৬২০৪
6202,রাজশাহী,রাজশাহী,রাজশাহী সদর,রাজশাহী সেনানিবাস,৬২০২
6201,রাজশাহী,রাজশাহী,রাজশাহী সদর,রাজশাহী কোর্ট,৬২০১
6000,রাজশাহী,রাজশাহী,রাজশাহী সদর,রাজশাহী সদর,৬০০০
6205,রাজশাহী,রাজশাহী,রাজশাহী সদর,রাজশাহী বিশ্ববিদ্যালয়,৬২০৫
6203,রাজশাহী,রাজশাহী,রাজশাহী সদর,সপুরা,৬২০৩
6230,রাজশাহী,রাজশাহী,তানোর,তানোর,৬২৩০
6730,রাজশাহী,সিরাজগঞ্জ,বাইদ্দ্যা জামতৈল,বাইদ্দ্যা জামতৈল,৬৭৩০
6740,রাজশাহী,সিরাজগঞ্জ,বেলকুচি,বেলকুচি,৬৭৪০
6751,রাজশাহী,সিরাজগঞ্জ,বেলকুচি,এনায়েতপুর,৬৭৫১
6742,রাজশাহী,সিরাজগঞ্জ,বেলকুচি,রাজাপুর,৬৭৪২
6741,রাজশাহী,সিরাজগঞ্জ,বেলকুচি,সোহাগপুর,৬৭৪১
6752,রাজশাহী,সিরাজগঞ্জ,বেলকুচি,স্থল,৬৭৫২
6720,রাজশাহী,সিরাজগঞ্জ,ধানগড়া,ধানগড়া,৬৭২০
6721,রাজশাহী,সিরাজগঞ্জ,ধানগড়া,মালঙ্গা,৬৭২১
6712,রাজশাহী,সিরাজগঞ্জ,কাজীপুর,গান্ধাইল,৬৭১২
6710,রাজশাহী,সিরাজগঞ্জ,কাজীপুর,কাজীপুর,৬৭১০
6711,রাজশাহী,সিরাজগঞ্জ,কাজীপুর,শুভগাছা,৬৭১১
6772,রাজশাহী,সিরাজগঞ্জ,শাহজাদপুর,জামিরটা,৬৭৭২
6773,রাজশাহী,সিরাজগঞ্জ,শাহজাদপুর,কৈজুরী,৬৭৭৩
6771,রাজশাহী,সিরাজগঞ্জ,শাহজাদপুর,পরজানা,৬৭৭১
6770,রাজশাহী,সিরাজগঞ্জ,শাহজাদপুর,শাহজাদপুর,৬৭৭০
6701,রাজশাহী,সিরাজগঞ্জ,সিরাজগঞ্জ সদর,রায়পুর,৬৭০১
6702,রাজশাহী,সিরাজগঞ্জ,সিরাজগঞ্জ সদর,রাশিদাবাদ,৬৭০২
6700,রাজশাহী,সিরাজগঞ্জ,সিরাজগঞ্জ সদর,সিরাজগঞ্জ সদর,৬৭০০
6780,রাজশাহী,সিরাজগঞ্জ,তাড়াশ,তাড়াশ,৬৭৮০
6762,রাজশাহী,সিরাজগঞ্জ,উল্লাপাড়া,লাহিড়ী মোহনপুর,৬৭৬২
6763,রাজশাহী,সিরাজগঞ্জ,উল্লাপাড়া,সালাপ,৬৭৬৩
6760,রাজশাহী,সিরাজগঞ্জ,উল্লাপাড়া,উল্লাপাড়া,৬৭৬০
6761,রাজশাহী,সিরাজগঞ্জ,উল্লাপাড়া,উল্লাপাড়া R.S,৬৭৬১
8710,বরিশাল,বরগুনা,আমতলী,আমতলী,৮৭১০
8730,বরিশাল,বরগুনা,বামনা,বামনা,৮৭৩০
8700,বরিশাল,বরগুনা,বরগুনা সদর,বরগুনা সদর,৮৭০০
8701,বরিশাল,বরগুনা,বরগুনা সদর,নালি বন্দর,৮৭০১
8740,বরিশাল,বরগুনা,বেতাগী,বেতাগী,৮৭৪০
8741,বরিশাল,বরগুনা,বেতাগী,দারুল ঊলম,৮৭৪১
8721,বরিশাল,বরগুনা,পাথরঘাটা,কাকচিড়া,৮৭২১
8720,বরিশাল,বরগুনা,পাথরঘাটা,পাথরঘাটা,৮৭২০
8240,বরিশাল,বরিশাল,আগাইলঝড়া,আগাইলঝড়া,৮২৪০
8241,বরিশাল,বরিশাল,আগাইলঝড়া,গাইলা,৮২৪১
8242,বরিশাল,বরিশাল,আগাইলঝড়া,পয়সারহাট,৮২৪২
8210,বরিশাল,বরিশাল,বাবুগঞ্জ,বাবুগঞ্জ,৮২১০
8216,বরিশাল,বরিশাল,বাবুগঞ্জ,বরিশাল ক্যাডেট,৮২১৬
8212,বরিশাল,বরিশাল,বাবুগঞ্জ,চাঁদপাশা,৮২১২
8213,বরিশাল,বরিশাল,বাবুগঞ্জ,মাধবপাশা,৮২১৩
8215,বরিশাল,বরিশাল,বাবুগঞ্জ,নিজামউদ্দিন কলেজ,৮২১৫
8211,বরিশাল,বরিশাল,বাবুগঞ্জ,রহমতপুর,৮২১১
8214,বরিশাল,বরিশাল,বাবুগঞ্জ,ঠাকুর মল্লিক,৮২১৪
8260,বরিশাল,বরিশাল,বড়জালিয়া,বড়জালিয়া,৮২৬০
8261,বরিশাল,বরিশাল,বড়জালিয়া,ওসমান মঞ্জিল,৮২৬১
8200,বরিশাল,বরিশাল,বরিশাল সদর,বরিশাল সদর,৮২০০
8201,বরিশাল,বরিশাল,বরিশাল সদর,বুখায়নগর,৮২০১
8206,বরিশাল,বরিশাল,বরিশাল সদর,জাগুয়ারহাট,৮২০৬
8205,বরিশাল,বরিশাল,বরিশাল সদর,কাশীপুর,৮২০৫
8204,বরিশাল,বরিশাল,বরিশাল সদর,পাতাং,৮২০৪
8202,বরিশাল,বরিশাল,বরিশাল সদর,সাহেবেরহাট,৮২০২
8203,বরিশাল,বরিশাল,বরিশাল সদর,সুগন্দিয়া,৮২০৩
8233,বরিশাল,বরিশাল,গৌরনদী,বাটাজোর,৮২৩৩
8230,বরিশাল,বরিশাল,গৌরনদী,গৌরনদী,৮২৩০
8232,বরিশাল,বরিশাল,গৌরনদী,কাসেমাবাদ,৮২৩২
8231,বরিশাল,বরিশাল,গৌরনদী,তার্কি বন্দর,৮২৩১
8274,বরিশাল,বরিশাল,মেহেন্দিগঞ্জ,লেঙ্গুটিয়া,৮২৭৪
8271,বরিশাল,বরিশাল,মেহেন্দিগঞ্জ,লস্করপুর,৮২৭১
8270,বরিশাল,বরিশাল,মেহেন্দিগঞ্জ,মেহেন্দিগঞ্জ,৮২৭০
8273,বরিশাল,বরিশাল,মেহেন্দিগঞ্জ,নালগোরা,৮২৭৩
8272,বরিশাল,বরিশাল,মেহেন্দিগঞ্জ,উলানিয়া,৮২৭২
8252,বরিশাল,বরিশাল,মুলাদী,চরকালেখাঁ,৮২৫২
8251,বরিশাল,বরিশাল,মুলাদী,কাজিরচর,৮২৫১
8250,বরিশাল,বরিশাল,মুলাদী,মুলাদী,৮২৫০
8281,বরিশাল,বরিশাল,সাহেবগঞ্জ,চরামন্ডি,৮২৮১
8284,বরিশাল,বরিশাল,সাহেবগঞ্জ,কলসকাঠী,৮২৮৪
8282,বরিশাল,বরিশাল,সাহেবগঞ্জ,পাদ্রি শিবপুর,৮২৮২
8280,বরিশাল,বরিশাল,সাহেবগঞ্জ,সাহেবগঞ্জ,৮২৮০
8283,বরিশাল,বরিশাল,সাহেবগঞ্জ,শিয়ালগুনী,৮২৮৩
8223,বরিশাল,বরিশাল,উজিরপুর,ডাকুয়ারহাট,৮২২৩
8221,বরিশাল,বরিশাল,উজিরপুর,ধামুরা,৮২২১
8222,বরিশাল,বরিশাল,উজিরপুর,জুগিরকান্দা,৮২২২
8224,বরিশাল,বরিশাল,উজিরপুর,শিকারপুর,৮২২৪
8220,বরিশাল,বরিশাল,উজিরপুর,উজিরপুর,৮২২০
8300,বরিশাল,ভোলা,ভোলা সদর,ভোলা সদর,৮৩০০
8301,বরিশাল,ভোলা,ভোলা সদর,জয়নগর,৮৩০১
8320,বরিশাল,ভোলা,বোরহানউদ্দিন Upo,বোরহানউদ্দিন Upo,৮৩২০
8321,বরিশাল,ভোলা,বোরহানউদ্দিন Upo,মির্জাকালু,৮৩২১
8340,বরিশাল,ভোলা,চরফ্যাশন,চরফ্যাশন,৮৩৪০
8341,বরিশাল,ভোলা,চরফ্যাশন,দুলারহাট,৮৩৪১
8342,বরিশাল,ভোলা,চরফ্যাশন,কেরামতগঞ্জ,৮৩৪২
8310,বরিশাল,ভোলা,দৌলতখান,দৌলতখান,৮৩১০
8311,বরিশাল,ভোলা,দৌলতখান,হাজীপুর,৮৩১১
8360,বরিশাল,ভোলা,হাজিরহাট,হাজিরহাট,৮৩৬০
8350,বরিশাল,ভোলা,হাটশশীগঞ্জ,হাটশশীগঞ্জ,৮৩৫০
8331,বরিশাল,ভোলা,লালমোহন Upo,দৌড়ীহাট,৮৩৩১
8332,বরিশাল,ভোলা,লালমোহন Upo,গজারিয়া,৮৩৩২
8330,বরিশাল,ভোলা,লালমোহন Upo,লালমোহন Upo,৮৩৩০
8402,বরিশাল,ঝালকাঠি,ঝালকাঠি সদর,বাউকাঠি,৮৪০২
8403,বরিশাল,ঝালকাঠি,ঝালকাঠি সদর,গাভা,৮৪০৩
8400,বরিশাল,ঝালকাঠি,ঝালকাঠি সদর,ঝালকাঠি সদর,৮৪০০
8401,বরিশাল,ঝালকাঠি,ঝালকাঠি সদর,নবগ্রাম,৮৪০১
8404,বরিশাল,ঝালকাঠি,ঝালকাঠি সদর,শেখেরহাট,৮৪০৪
8431,বরিশাল,ঝালকাঠি,কাঁঠালিয়া,আমুয়া,৮৪৩১
8430,বরিশাল,ঝালকাঠি,কাঁঠালিয়া,কাঁঠালিয়া,৮৪৩০
8432,বরিশাল,ঝালকাঠি,কাঁঠালিয়া,নিয়ামাতেই,৮৪৩২
8433,বরিশাল,ঝালকাঠি,কাঁঠালিয়া,শৌলজালিয়া,৮৪৩৩
8421,বরিশাল,ঝালকাঠি,নলছিটি,বীরকাঠি,৮৪২১
8420,বরিশাল,ঝালকাঠি,নলছিটি,নলছিটি,৮৪২০
8410,বরিশাল,ঝালকাঠি,রাজাপুর,রাজাপুর,৮৪১০
8621,বরিশাল,পটুয়াখালী,বাউফল,বাগাবন্দর,৮৬২১
8620,বরিশাল,পটুয়াখালী,বাউফল,বাউফল,৮৬২০
8622,বরিশাল,পটুয়াখালী,বাউফল,বীরপাশা,৮৬২২
8624,বরিশাল,পটুয়াখালী,বাউফল,কালাইয়া,৮৬২৪
8623,বরিশাল,পটুয়াখালী,বাউফল,কালীশুরী,৮৬২৩
8630,বরিশাল,পটুয়াখালী,দশমিনা,দশমিনা,৮৬৩০
8640,বরিশাল,পটুয়াখালী,গলাচিপা,গলাচিপা,৮৬৪০
8641,বরিশাল,পটুয়াখালী,গলাচিপা,গাজীপুর বন্দর,৮৬৪১
8650,বরিশাল,পটুয়াখালী,খেপুপাড়া,খেপুপাড়া,৮৬৫০
8651,বরিশাল,পটুয়াখালী,খেপুপাড়া,মহীপুর,৮৬৫১
8602,বরিশাল,পটুয়াখালী,পটুয়াখালী সদর,দুমকী,৮৬০২
8601,বরিশাল,পটুয়াখালী,পটুয়াখালী সদর,মৌকরণ,৮৬০১
8600,বরিশাল,পটুয়াখালী,পটুয়াখালী সদর,পটুয়াখালী সদর,৮৬০০
8603,বরিশাল,পটুয়াখালী,পটুয়াখালী সদর,রহিমাবাদ,৮৬০৩
8610,বরিশাল,পটুয়াখালী,সুবিদখালী,সুবিদখালী,৮৬১০
8530,বরিশাল,পিরোজপুর,বানারীপাড়া,বানারীপাড়া,৮৫৩০
8531,বরিশাল,পিরোজপুর,বানারীপাড়া,চাখার,৮৫৩১
8550,বরিশাল,পিরোজপুর,ভান্ডারিয়া,ভান্ডারিয়া,৮৫৫০
8552,বরিশাল,পিরোজপুর,ভান্ডারিয়া,ধাওয়া,৮৫৫২
8551,বরিশাল,পিরোজপুর,ভান্ডারিয়া,কানুদাসকাঠি,৮৫৫১
8513,বরিশাল,পিরোজপুর,কাউখালী,জোলাগাতি,৮৫১৩
8512,বরিশাল,পিরোজপুর,কাউখালী,জয়কুল,৮৫১২
8510,বরিশাল,পিরোজপুর,কাউখালী,কাউখালী,৮৫১০
8511,বরিশাল,পিরোজপুর,কাউখালী,কেউন্দিয়া,৮৫১১
8565,বরিশাল,পিরোজপুর,মঠবাড়িয়া,বেতমোর নতুন হাট,৮৫৬৫
8563,বরিশাল,পিরোজপুর,মঠবাড়িয়া,গুলিশাখালী,৮৫৬৩
8562,বরিশাল,পিরোজপুর,মঠবাড়িয়া,হাল্টা,৮৫৬২
8560,বরিশাল,পিরোজপুর,মঠবাড়িয়া,মঠবাড়িয়া,৮৫৬০
8566,বরিশাল,পিরোজপুর,মঠবাড়িয়া,শিলারগঞ্জ,৮৫৬৬
8564,বরিশাল,পিরোজপুর,মঠবাড়িয়া,টিয়ারখালী,৮৫৬৪
8561,বরিশাল,পিরোজপুর,মঠবাড়িয়া,তুষখালি,৮৫৬১
8540,বরিশাল,পিরোজপুর,নাজিরপুর,নাজিরপুর,৮৫৪০
8541,বরিশাল,পিরোজপুর,নাজিরপুর,শ্রীরামকাঠি,৮৫৪১
8501,বরিশাল,পিরোজপুর,পিরোজপুর সদর,হুলারহাট,৮৫০১
8502,বরিশাল,পিরোজপুর,পিরোজপুর সদর,পারেরহাট,৮৫০২
8500,বরিশাল,পিরোজপুর,পিরোজপুর সদর,পিরোজপুর সদর,৮৫০০
8521,বরিশাল,পিরোজপুর,স্বরূপকাঠি,দারুস সুন্নাত,৮৫২১
8523,বরিশাল,পিরোজপুর,স্বরূপকাঠি,জালাবাড়ি,৮৫২৩
8522,বরিশাল,পিরোজপুর,স্বরূপকাঠি,কৌরিখাড়া,৮৫২২
8520,বরিশাল,পিরোজপুর,স্বরূপকাঠি,স্বরূপকাঠি,৮৫২০
9300,খুলনা,বাগেরহাট,বাগেরহাট সদর,বাগেরহাট সদর,৯৩০০
9301,খুলনা,বাগেরহাট,বাগেরহাট সদর,পি.সি. কলেজ,৯৩০১
9302,খুলনা,বাগেরহাট,বাগেরহাট সদর,রাংদিয়া,৯৩০২
9350,খুলনা,বাগেরহাট,মংলা,মংলা,৯৩৫০
9351,খুলনা,বাগেরহাট,মংলা,মংলা বন্দর,৯৩৫১
9361,খুলনা,বাগেরহাট,চিতলমারী,বড়বাড়িয়া,৯৩৬১
9360,খুলনা,বাগেরহাট,চিতলমারী,চিতলমারী,৯৩৬০
9372,খুলনা,বাগেরহাট,ফকিরহাট,ভাঙ্গনপাড় বাজার,৯৩৭২
9370,খুলনা,বাগেরহাট,ফকিরহাট,ফকিরহাট,৯৩৭০
9371,খুলনা,বাগেরহাট,ফকিরহাট,মানসা,৯৩৭১
9310,খুলনা,বাগেরহাট,কচুয়া,কচুয়া,৯৩১০
9311,খুলনা,বাগেরহাট,কচুয়া,সোনারকোলা,৯৩১১
9383,খুলনা,বাগেরহাট,মোল্লাহাট,চল কুলিয়া,৯৩৮৩
9382,খুলনা,বাগেরহাট,মোল্লাহাট,দারিয়ালা,৯৩৮২
9381,খুলনা,বাগেরহাট,মোল্লাহাট,কাহালপুর,৯৩৮১
9380,খুলনা,বাগেরহাট,মোল্লাহাট,মোল্লাহাট,৯৩৮০
9384,খুলনা,বাগেরহাট,মোল্লাহাট,নগরকান্দি,৯৩৮৪
9385,খুলনা,বাগেরহাট,মোল্লাহাট,পাক গাংনী,৯৩৮৫
9320,খুলনা,বাগেরহাট,মোড়েলগঞ্জ,মোড়েলগঞ্জ,৯৩২০
9321,খুলনা,বাগেরহাট,মোড়েলগঞ্জ,সন্ন্যাসী বাজার,৯৩২১
9322,খুলনা,বাগেরহাট,মোড়েলগঞ্জ,তেলিগাতী,৯৩২২
9341,খুলনা,বাগেরহাট,রামপাল,ফয়লাহাট,৯৩৪১
9343,খুলনা,বাগেরহাট,রামপাল,গৌরম্ভা,৯৩৪৩
9340,খুলনা,বাগেরহাট,রামপাল,রামপাল,৯৩৪০
9342,খুলনা,বাগেরহাট,রামপাল,সোনাতুনিয়া,৯৩৪২
9330,খুলনা,বাগেরহাট,শরনখোলা,শরনখোলা,৯৩৩০
7210,খুলনা,চুয়াডাঙ্গা,আলমডাঙ্গা,আলমডাঙ্গা,৭২১০
7211,খুলনা,চুয়াডাঙ্গা,আলমডাঙ্গা,হারদী,৭২১১
7200,খুলনা,চুয়াডাঙ্গা,চুয়াডাঙ্গা সদর,চুয়াডাঙ্গা সদর,৭২০০
7201,খুলনা,চুয়াডাঙ্গা,চুয়াডাঙ্গা সদর,মুন্সীগঞ্জ,৭২০১
7222,খুলনা,চুয়াডাঙ্গা,দামুড়হুদা,আন্দুলবাড়িয়া,৭২২২
7220,খুলনা,চুয়াডাঙ্গা,দামুড়হুদা,দামুড়হুদা,৭২২০
7221,খুলনা,চুয়াডাঙ্গা,দামুড়হুদা,দর্শনা,৭২২১
7230,খুলনা,চুয়াডাঙ্গা,জীবননগর,জীবননগর,৭২৩০
7470,খুলনা,যশোর,বাঘারপাড়া,বাঘারপাড়া,৭৪৭০
7471,খুলনা,যশোর,বাঘারপাড়া,গৌরনগর,৭৪৭১
7410,খুলনা,যশোর,চৌগাছা,চৌগাছা,৭৪১০
7406,খুলনা,যশোর,যশোর সদর,বসুন্দিয়া,৭৪০৬
7402,খুলনা,যশোর,যশোর সদর,চাঁচড়া,৭৪০২
7407,খুলনা,যশোর,যশোর সদর,চূড়ামনকাঠি,৭৪০৭
7404,খুলনা,যশোর,যশোর সদর,যশোর এয়ারবেজ,৭৪০৪
7403,খুলনা,যশোর,যশোর সদর,যশোর ক্যান্টনমেন্ট,৭৪০৩
7400,খুলনা,যশোর,যশোর সদর,যশোর সদর,৭৪০০
7401,খুলনা,যশোর,যশোর সদর,যশোর উপশহর,৭৪০১
7405,খুলনা,যশোর,যশোর সদর,রূপদিয়া,৭৪০৫
7420,খুলনা,যশোর,ঝিকরগাছা,ঝিকরগাছা,৭৪২০
7450,খুলনা,যশোর,কেশবপুর,কেশবপুর,৭৪৫০
7440,খুলনা,যশোর,মনিরামপুর,মনিরামপুর,৭৪৪০
7462,খুলনা,যশোর,অভয়নগর,ভুগিলহাট,৭৪৬২
7460,খুলনা,যশোর,অভয়নগর,অভয়নগর,৭৪৬০
7461,খুলনা,যশোর,অভয়নগর,রাজঘাট,৭৪৬১
7433,খুলনা,যশোর,শার্শা,বাগআঁচড়া,৭৪৩৩
7431,খুলনা,যশোর,শার্শা,বেনাপোল,৭৪৩১
7432,খুলনা,যশোর,শার্শা,যাদবপুর,৭৪৩২
7430,খুলনা,যশোর,শার্শা,শার্শা,৭৪৩০
7310,খুলনা,ঝিনাইদহ,হরিনাকুন্ডু,হরিনাকুন্ডু,৭৩১০
7301,খুলনা,ঝিনাইদহ,ঝিনাইদহ সদর,ঝিনাইদহ ক্যাডেট কলেজ,৭৩০১
7300,খুলনা,ঝিনাইদহ,ঝিনাইদহ সদর,ঝিনাইদহ সদর,৭৩০০
7330,খুলনা,ঝিনাইদহ,কোটচাঁদপুর,কোটচাঁদপুর,৭৩৩০
7340,খুলনা,ঝিনাইদহ,মহেশপুর,মহেশপুর,৭৩৪০
7351,খুলনা,ঝিনাইদহ,কালিগঞ্জ,হাট বারোবাজার,৭৩৫১
7350,খুলনা,ঝিনাইদহ,কালিগঞ্জ,কালিগঞ্জ,৭৩৫০
7321,খুলনা,ঝিনাইদহ,শৈলকুপা,কুমিরাদহ,৭৩২১
7320,খুলনা,ঝিনাইদহ,শৈলকুপা,শৈলকুপা,৭৩২০
9240,খুলনা,খুলনা,রূপসা,রূপসা,৯২৪০
9242,খুলনা,খুলনা,রূপসা,বেলফুলিয়া,৯২৪২
9241,খুলনা,খুলনা,রূপসা,পূর্ব রূপসা,৯২৪১
9260,খুলনা,খুলনা,বটিয়াঘাটা,বটিয়াঘাটা,৯২৬০
9261,খুলনা,খুলনা,বটিয়াঘাটা,সুরখালী,৯২৬১
9272,খুলনা,খুলনা,চালনা,বাজুয়া,৯২৭২
9270,খুলনা,খুলনা,দাকোপ,চালনা বাজার,৯২৭০
9271,খুলনা,খুলনা,দাকোপ,দাকোপ,৯২৭১
9273,খুলনা,খুলনা,দাকোপ,নলিয়ান,৯২৭৩
9221,খুলনা,খুলনা,দিঘলিয়া,চন্দনী মহল,৯২২১
9220,খুলনা,খুলনা,দিঘলিয়া,দিঘলিয়া,৯২২০
9224,খুলনা,খুলনা,দিঘলিয়া,গাজীরহাট,৯২২৪
9223,খুলনা,খুলনা,দিঘলিয়া,জি-বারাকপুর,৯২২৩
9222,খুলনা,খুলনা,দিঘলিয়া,সেনহাটি,৯২২২
9207,খুলনা,খুলনা,খুলনা মেট্রো,আটরা শিল্প এলাকা,৯২০৭
9203,খুলনা,খুলনা,খুলনা মেট্রো,কুয়েট,৯২০৩
9202,খুলনা,খুলনা,খুলনা মেট্রো,দৌলতপুর,৯২০২
9205,খুলনা,খুলনা,খুলনা মেট্রো,জাহানাবাদ ক্যান্টনমেন্ট,৯২০৫
9100,খুলনা,খুলনা,খুলনা মেট্রো,খুলনা সদর,৯১০০
9000,খুলনা,খুলনা,খুলনা মেট্রো,খুলনা জিপিও,৯০০০
9201,খুলনা,খুলনা,খুলনা মেট্রো,খুলনা শিপইয়ার্ড,৯২০১
9208,খুলনা,খুলনা,খুলনা মেট্রো,খুলনা বিশ্ববিদ্যালয়,৯২০৮
9204,খুলনা,খুলনা,খুলনা মেট্রো,শিরোমনি,৯২০৪
9206,খুলনা,খুলনা,খুলনা মেট্রো,সোনালী জুট মিলস,৯২০৬
9291,খুলনা,খুলনা,কয়রা,আমাদী,৯২৯১
9290,খুলনা,খুলনা,কয়রা,কয়রা,৯২৯০
9284,খুলনা,খুলনা,পাইকগাছা,চাঁদখালী,৯২৮৪
9285,খুলনা,খুলনা,পাইকগাছা,গড়ইখালী,৯২৮৫
9281,খুলনা,খুলনা,পাইকগাছা,গদাইপুর,৯২৮১
9282,খুলনা,খুলনা,পাইকগাছা,কপিলমুনি,৯২৮২
9283,খুলনা,খুলনা,পাইকগাছা,কাটিপাড়া,৯২৮৩
9280,খুলনা,খুলনা,পাইকগাছা,পাইকগাছা,৯২৮০
9210,খুলনা,খুলনা,ফুলতলা,ফুলতলা,৯২১০
9252,খুলনা,খুলনা,ডুমুরিয়া,চুকনগর,৯২৫২
9251,খুলনা,খুলনা,ডুমুরিয়া,ঘোনাবন্দ,৯২৫১
9250,খুলনা,খুলনা,ডুমুরিয়া,ডুমুরিয়া,৯২৫০
9253,খুলনা,খুলনা,ডুমুরিয়া,শাহাপুর,৯২৫৩
9231,খুলনা,খুলনা,তেরখাদা,পাক বারাসত,৯২৩১
9230,খুলনা,খুলনা,তেরখাদা,তেরখাদা,৯২৩০
7042,খুলনা,কুষ্টিয়া,ভেড়ামারা,আল্লারদর্গা,৭০৪২
7040,খুলনা,কুষ্টিয়া,ভেড়ামারা,ভেড়ামারা,৭০৪০
7041,খুলনা,কুষ্টিয়া,ভেড়ামারা,গঙ্গা ভেড়ামারা,৭০৪১
7020,খুলনা,কুষ্টিয়া,খোকসা,জানিপুর,৭০২০
7021,খুলনা,কুষ্টিয়া,খোকসা,খোকসা,৭০২১
7010,খুলনা,কুষ্টিয়া,কুমারখালী,কুমারখালী,৭০১০
7011,খুলনা,কুষ্টিয়া,কুমারখালী,পান্টি,৭০১১
7003,খুলনা,কুষ্টিয়া,কুষ্টিয়া সদর,ইসলামী বিশ্ববিদ্যালয়,৭০০৩
7002,খুলনা,কুষ্টিয়া,কুষ্টিয়া সদর,জগতি,৭০০২
7001,খুলনা,কুষ্টিয়া,কুষ্টিয়া সদর,কুষ্টিয়া মোহিনী,৭০০১
7000,খুলনা,কুষ্টিয়া,কুষ্টিয়া সদর,কুষ্টিয়া সদর,৭০০০
7032,খুলনা,কুষ্টিয়া,মিরপুর,আমলা সদরপুর,৭০৩২
7030,খুলনা,কুষ্টিয়া,মিরপুর,মিরপুর,৭০৩০
7031,খুলনা,কুষ্টিয়া,মিরপুর,পোড়াদহ,৭০৩১
7052,খুলনা,কুষ্টিয়া,দৌলতপুর,খাসমথুরাপুর,৭০৫২
7050,খুলনা,কুষ্টিয়া,দৌলতপুর,দৌলতপুর,৭০৫০
7051,খুলনা,কুষ্টিয়া,দৌলতপুর,তারাগুনিয়া,৭০৫১
7620,খুলনা,মাগুরা,সাঁলিখা,সাঁলিখা,৭৬২০
7600,খুলনা,মাগুরা,মাগুরা সদর,মাগুরা সদর,৭৬০০
7631,খুলনা,মাগুরা,মোহাম্মদপুর,বিনোদপুর,৭৬৩১
7630,খুলনা,মাগুরা,মোহাম্মদপুর,মোহাম্মদপুর,৭৬৩০
7632,খুলনা,মাগুরা,মোহাম্মদপুর,নহাটা,৭৬৩২
7611,খুলনা,মাগুরা,শ্রীপুর,লাঙ্গলবাঁধ,৭৬১১
7612,খুলনা,মাগুরা,শ্রীপুর,নাকোল,৭৬১২
7610,খুলনা,মাগুরা,শ্রীপুর,শ্রীপুর,৭৬১০
7110,খুলনা,মেহেরপুর,গাংনী,গাংনী,৭১১০
7101,খুলনা,মেহেরপুর,মেহেরপুর সদর,আমঝুপি,৭১০১
7152,খুলনা,মেহেরপুর,মেহেরপুর সদর,আমঝুপি,৭১৫২
7100,খুলনা,মেহেরপুর,মেহেরপুর সদর,মেহেরপুর সদর,৭১০০
7102,খুলনা,মেহেরপুর,মুজিবনগর,মুজিব নগর,৭১০২
7520,খুলনা,নড়াইল,কালিয়া,কালিয়া,৭৫২০
7514,খুলনা,নড়াইল,লোহাগড়া,বড়দিয়া,৭৫১৪
7512,খুলনা,নড়াইল,লোহাগড়া,ইটনা,৭৫১২
7510,খুলনা,নড়াইল,লোহাগড়া,লক্ষ্মীপাশা,৭৫১০
7511,খুলনা,নড়াইল,লোহাগড়া,লোহাগড়া,৭৫১১
7513,খুলনা,নড়াইল,লোহাগড়া,নলদী,৭৫১৩
7521,খুলনা,নড়াইল,কালিয়া,মহাজন,৭৫২১
7500,খুলনা,নড়াইল,নড়াইল সদর,নড়াইল সদর,৭৫০০
7501,খুলনা,নড়াইল,নড়াইল সদর,রতনগঞ্জ,৭৫০১
9460,খুলনা,সাতক্ষীরা,আশাশুনি,আশাশুনি,৯৪৬০
9461,খুলনা,সাতক্ষীরা,আশাশুনি,বড়দল,৯৪৬১
9430,খুলনা,সাতক্ষীরা,দেবহাটা,দেবহাটা,৯৪৩০
9431,খুলনা,সাতক্ষীরা,দেবহাটা,গুরুগ্রাম,৯৪৩১
9415,খুলনা,সাতক্ষীরা,কলারোয়া,চন্দনপুর,৯৪১৫
9413,খুলনা,সাতক্ষীরা,কলারোয়া,হামিদপুর,৯৪১৩
9412,খুলনা,সাতক্ষীরা,কলারোয়া,ঝাউডাঙ্গা,৯৪১২
9410,খুলনা,সাতক্ষীরা,কলারোয়া,কলারোয়া,৯৪১০
9414,খুলনা,সাতক্ষীরা,কলারোয়া,খর্দ,৯৪১৪
9440,খুলনা,সাতক্ষীরা,কালীগঞ্জ,কালীগঞ্জ,৯৪৪০
9441,খুলনা,সাতক্ষীরা,কালীগঞ্জ,নলতা মোবারকনগর,৯৪৪১
9442,খুলনা,সাতক্ষীরা,কালীগঞ্জ,রতনপুর,৯৪৪২
9453,খুলনা,সাতক্ষীরা,শ্যামনগর,বুড়ি গোয়ালিনী,৯৪৫৩
9454,খুলনা,সাতক্ষীরা,শ্যামনগর,গাবুরা,৯৪৫৪
9455,খুলনা,সাতক্ষীরা,শ্যামনগর,হবিনগর,৯৪৫৫
9450,খুলনা,সাতক্ষীরা,শ্যামনগর,শ্যামনগর,৯৪৫০
9452,খুলনা,সাতক্ষীরা,শ্যামনগর,নোয়াবেকি,৯৪৫২
9451,খুলনা,সাতক্ষীরা,শ্যামনগর,নূরনগর,৯৪৫১
9403,খুলনা,সাতক্ষীরা,সাতক্ষীরা সদর,বুধহাটা,৯৪০৩
9402,খুলনা,সাতক্ষীরা,সাতক্ষীরা সদর,গুণাকরকাঠি,৯৪০২
9401,খুলনা,সাতক্ষীরা,সাতক্ষীরা সদর,সাতক্ষীরা ইসলামিয়া Acc,৯৪০১
9400,খুলনা,সাতক্ষীরা,সাতক্ষীরা সদর,সাতক্ষীরা সদর,৯৪০০
9421,খুলনা,সাতক্ষীরা,তালা,পাটকেলঘাটা,৯৪২১
9420,খুলনা,সাতক্ষীরা,তালা,তালা,৯৪২০
1360,ঢাকা,ঢাকা,ডেমরা,ডেমরা,১৩৬০
1362,ঢাকা,ঢাকা,কদমতলী,মাতুয়াইল,১৩৬২
1361,ঢাকা,ঢাকা,ডেমরা,সারুলিয়া,১৩৬১
1351,ঢাকা,ঢাকা,ধামরাই,কমলপুর,১৩৫১
1330,ঢাকা,ঢাকা,জয়পাড়া,জয়পাড়া,১৩৩০
2031,ময়মনসিংহ,জামালপুর,দেওয়ানগঞ্জ,দেওয়ানগঞ্জ এস মিলস,২০৩১
4600,চট্টগ্রাম,বান্দরবান,বান্দরবান সদর,বান্দরবান সদর,৪৬০০
9411,খুলনা,সাতক্ষীরা,কলারোয়া,মুরারীকাঠী,৯৪১১
5610,রংপুর,কুড়িগ্রাম,রাজারহাট,রাজারহাট,৫৬১০
5040,রংপুর,পঞ্চগড়,ছোট্ট ডাবের,ছোট্ট ডাবের,৫০৪০
